timestamp,node_id,power1_w,power2_w,power3_w,current1_a,current2_a,current3_a,current4_a,voltage_v,pf1,pf2
2026-03-22T17:20:34.181,11,54.12,0.00,0.00,0.337,0.002,0.002,0.002,241.36,0.26,0.25
2026-03-22T17:20:37.385,11,51.10,0.00,0.00,0.325,0.002,0.002,0.002,241.90,0.25,0.26
2026-03-22T17:20:40.588,11,53.35,0.00,0.00,0.335,0.002,0.002,0.002,241.74,0.26,0.25
2026-03-22T17:20:43.792,11,53.88,0.00,0.00,0.335,0.002,0.002,0.003,242.18,0.25,0.26
2026-03-22T17:20:46.996,11,50.38,0.00,0.00,0.322,0.002,0.002,0.002,241.00,0.25,0.24
2026-03-22T17:20:50.199,11,53.22,0.00,0.00,0.333,0.002,0.003,0.003,240.95,0.25,0.26
2026-03-22T17:20:53.403,11,51.25,0.00,0.00,0.325,0.002,0.002,0.002,240.93,0.26,0.25
2026-03-22T17:20:56.608,11,50.91,0.00,0.00,0.324,0.002,0.002,0.003,240.67,0.26,0.26
2026-03-22T17:20:59.812,11,55.55,0.00,0.00,0.342,0.002,0.002,0.002,241.02,0.25,0.25
2026-03-22T17:21:03.015,11,53.06,0.00,0.00,0.332,0.002,0.002,0.002,240.74,0.25,0.25
2026-03-22T17:21:06.219,11,53.21,0.00,0.00,0.333,0.002,0.002,0.002,240.89,0.27,0.26
2026-03-22T17:21:09.423,11,53.58,0.00,0.00,0.335,0.003,0.002,0.002,240.89,0.26,0.25
2026-03-22T17:21:12.627,11,52.25,0.00,0.00,0.329,0.002,0.002,0.002,241.23,0.27,0.26
2026-03-22T17:21:15.830,11,53.28,0.00,0.00,0.333,0.002,0.002,0.002,240.96,0.26,0.25
2026-03-22T17:21:19.035,11,56.37,0.00,0.00,0.345,0.002,0.002,0.002,240.62,0.26,0.25
2026-03-22T17:21:22.239,11,51.40,0.00,0.00,0.326,0.002,0.002,0.003,241.03,0.26,0.25
2026-03-22T17:21:25.442,11,50.82,0.00,0.00,0.324,0.002,0.002,0.002,241.05,0.26,0.25
2026-03-22T17:21:28.646,11,55.17,0.00,0.00,0.341,0.002,0.002,0.003,241.93,0.24,0.25
2026-03-22T17:21:31.850,11,51.37,0.00,0.00,0.326,0.002,0.002,0.003,241.74,0.25,0.25
2026-03-22T17:21:35.053,11,52.94,0.00,0.00,0.332,0.002,0.003,0.003,241.30,0.25,0.26
2026-03-22T17:21:38.257,11,53.28,0.00,0.00,0.334,0.002,0.002,0.002,241.23,0.25,0.26
2026-03-22T17:21:41.461,11,51.34,0.00,0.00,0.326,0.002,0.002,0.002,241.09,0.25,0.26
2026-03-22T17:21:44.665,11,51.67,0.00,0.00,0.327,0.002,0.002,0.002,241.25,0.26,0.26
2026-03-22T17:21:47.869,11,50.83,0.00,0.00,0.324,0.002,0.002,0.002,241.04,0.26,0.26
2026-03-22T17:21:51.073,11,51.28,0.00,0.00,0.326,0.002,0.002,0.003,241.64,0.25,0.26
2026-03-22T17:21:54.277,11,50.33,0.00,0.00,0.323,0.002,0.002,0.002,241.10,0.25,0.25
2026-03-22T17:21:57.480,11,52.51,0.00,0.00,0.330,0.002,0.002,0.003,240.60,0.25,0.26
2026-03-22T17:22:00.685,11,50.74,0.00,0.00,0.323,0.002,0.002,0.002,240.80,0.25,0.26
2026-03-22T17:22:03.888,11,52.75,0.00,0.00,0.331,0.002,0.002,0.002,240.95,0.26,0.25
2026-03-22T17:22:07.092,11,53.47,0.00,0.00,0.334,0.002,0.002,0.002,241.00,0.25,0.26
2026-03-22T17:22:10.296,11,73.41,0.00,0.00,0.410,0.002,0.002,0.002,240.84,0.25,0.26
2026-03-22T17:22:13.501,11,152.08,0.00,0.00,0.728,0.002,0.002,0.002,241.01,0.25,0.25
2026-03-22T17:22:16.704,11,93.39,0.00,0.00,0.489,0.002,0.002,0.002,241.35,0.24,0.26
2026-03-22T17:22:19.909,11,154.51,0.00,0.00,0.739,0.002,0.003,0.002,240.95,0.25,0.26
2026-03-22T17:22:23.112,11,96.30,0.00,0.00,0.501,0.003,0.002,0.003,241.28,0.24,0.25
2026-03-22T17:22:26.316,11,155.92,0.00,0.00,0.744,0.002,0.003,0.003,240.94,0.25,0.24
2026-03-22T17:22:29.520,11,95.62,0.00,0.00,0.499,0.002,0.002,0.003,240.90,0.26,0.26
2026-03-22T17:22:32.723,11,154.85,0.00,0.00,0.737,0.002,0.003,0.003,242.02,0.25,0.25
2026-03-22T17:22:35.927,11,88.25,0.00,0.00,0.468,0.002,0.002,0.003,241.73,0.25,0.25
2026-03-22T17:22:39.131,11,154.73,0.00,0.00,0.738,0.002,0.002,0.003,241.51,0.26,0.26
2026-03-22T17:22:42.335,11,94.12,0.00,0.00,0.492,0.002,0.002,0.003,241.29,0.26,0.25
2026-03-22T17:22:45.538,11,154.02,0.00,0.00,0.735,0.002,0.002,0.002,241.52,0.25,0.25
2026-03-22T17:22:48.742,11,91.50,0.00,0.00,0.481,0.003,0.002,0.003,241.88,0.25,0.25
2026-03-22T17:22:51.947,11,154.05,0.00,0.00,0.735,0.002,0.002,0.002,241.58,0.26,0.25
2026-03-22T17:22:55.150,11,79.80,0.00,0.00,0.436,0.002,0.002,0.002,241.49,0.26,0.26
2026-03-22T17:22:58.355,11,152.44,0.00,0.00,0.730,0.002,0.002,0.002,241.04,0.25,0.24
2026-03-22T17:23:01.558,11,84.14,0.00,0.00,0.453,0.002,0.002,0.002,241.67,0.25,0.25
2026-03-22T17:23:04.762,11,154.77,0.00,0.00,0.738,0.002,0.002,0.002,241.74,0.26,0.25
2026-03-22T17:23:07.966,11,93.11,0.00,0.00,0.489,0.002,0.002,0.002,241.84,0.26,0.25
2026-03-22T17:23:11.170,11,155.15,0.00,0.00,0.739,0.002,0.002,0.003,241.61,0.25,0.25
2026-03-22T17:23:14.373,11,102.03,0.00,0.00,0.526,0.002,0.002,0.003,241.06,0.25,0.25
2026-03-22T17:23:17.577,11,142.65,0.00,0.00,0.700,0.002,0.002,0.002,240.12,0.25,0.25
2026-03-22T17:23:20.782,11,127.17,0.00,0.00,0.636,0.003,0.002,0.002,240.69,0.26,0.24
2026-03-22T17:23:23.985,11,114.79,0.00,0.00,0.588,0.003,0.003,0.002,240.57,0.26,0.27
2026-03-22T17:23:27.190,11,154.16,0.00,0.00,0.740,0.002,0.002,0.003,240.52,0.25,0.25
2026-03-22T17:23:30.393,11,94.06,0.00,0.00,0.493,0.002,0.003,0.003,240.78,0.26,0.26
2026-03-22T17:23:33.598,11,157.19,0.00,0.00,0.751,0.002,0.002,0.003,240.54,0.26,0.26
2026-03-22T17:23:36.800,11,86.25,0.00,0.00,0.463,0.002,0.002,0.003,240.80,0.25,0.25
2026-03-22T17:23:40.005,11,67.21,0.00,0.00,0.387,0.002,0.002,0.002,240.59,0.26,0.26
2026-03-22T17:23:43.209,11,54.26,0.00,0.00,0.338,0.002,0.002,0.003,240.62,0.26,0.26
2026-03-22T17:23:46.412,11,51.30,0.00,0.00,0.326,0.002,0.002,0.003,240.66,0.26,0.26
2026-03-22T17:23:49.616,11,51.44,0.00,0.00,0.327,0.003,0.002,0.003,241.06,0.26,0.26
2026-03-22T17:23:52.820,11,51.82,0.00,0.00,0.330,0.002,0.002,0.002,240.70,0.26,0.26
2026-03-22T17:23:56.024,11,51.22,0.00,0.00,0.327,0.002,0.003,0.002,241.05,0.25,0.25
2026-03-22T17:23:59.228,11,51.25,0.00,0.00,0.326,0.002,0.002,0.002,240.75,0.26,0.25
2026-03-22T17:24:02.432,11,72.96,0.00,0.00,0.410,0.002,0.002,0.003,240.96,0.25,0.26
2026-03-22T17:24:05.636,11,204.51,0.00,0.00,0.943,0.002,0.002,0.003,240.70,0.25,0.26
2026-03-22T17:24:08.840,11,207.23,0.00,0.00,0.956,0.002,0.003,0.002,240.41,0.26,0.25
2026-03-22T17:24:12.043,11,207.96,0.00,0.00,0.956,0.002,0.002,0.003,241.15,0.25,0.25
2026-03-22T17:24:15.248,11,207.31,0.00,0.00,0.953,0.003,0.002,0.003,241.21,0.25,0.25
2026-03-22T17:24:18.452,11,208.88,0.00,0.00,0.959,0.002,0.002,0.002,241.30,0.26,0.26
2026-03-22T17:24:21.655,11,211.13,0.00,0.00,0.968,0.002,0.002,0.003,241.21,0.26,0.25
2026-03-22T17:24:24.858,11,210.29,0.00,0.00,0.964,0.002,0.002,0.003,241.15,0.26,0.26
2026-03-22T17:24:28.062,11,210.28,0.00,0.00,0.967,0.002,0.002,0.003,241.12,0.25,0.25
2026-03-22T17:24:31.267,11,210.70,0.00,0.00,0.966,0.003,0.003,0.002,241.26,0.25,0.25
2026-03-22T17:24:34.471,11,211.27,0.00,0.00,0.971,0.002,0.002,0.003,241.09,0.25,0.26
2026-03-22T17:24:37.675,11,212.75,0.00,0.00,0.976,0.002,0.002,0.003,241.31,0.26,0.25
2026-03-22T17:24:40.878,11,213.72,0.00,0.00,0.979,0.002,0.003,0.003,241.35,0.26,0.27
2026-03-22T17:24:44.082,11,211.14,0.00,0.00,0.969,0.002,0.002,0.003,241.03,0.26,0.26
2026-03-22T17:24:47.287,11,212.11,0.00,0.00,0.973,0.003,0.002,0.003,241.21,0.25,0.26
2026-03-22T17:24:50.490,11,213.23,0.00,0.00,0.978,0.002,0.002,0.003,240.75,0.26,0.26
2026-03-22T17:24:53.695,11,215.26,0.00,0.00,0.987,0.002,0.003,0.003,240.89,0.24,0.25
2026-03-22T17:24:56.897,11,213.08,0.00,0.00,0.978,0.002,0.003,0.003,240.78,0.25,0.26
2026-03-22T17:25:00.102,11,213.64,0.00,0.00,0.982,0.002,0.003,0.003,240.53,0.25,0.24
2026-03-22T17:25:03.306,11,215.89,0.00,0.00,0.990,0.002,0.003,0.002,240.83,0.25,0.27
2026-03-22T17:25:06.510,11,214.28,0.00,0.00,0.985,0.002,0.003,0.003,240.67,0.25,0.26
2026-03-22T17:25:09.713,11,217.62,0.00,0.00,0.998,0.002,0.002,0.003,240.29,0.25,0.26
2026-03-22T17:25:12.918,11,216.79,0.00,0.00,0.993,0.003,0.002,0.003,240.89,0.25,0.25
2026-03-22T17:25:16.122,11,214.30,0.00,0.00,0.985,0.002,0.002,0.002,240.60,0.25,0.25
2026-03-22T17:25:19.325,11,216.72,0.00,0.00,0.994,0.002,0.002,0.002,240.60,0.25,0.25
2026-03-22T17:25:22.529,11,215.06,0.00,0.00,0.987,0.002,0.003,0.003,240.52,0.26,0.26
2026-03-22T17:25:25.733,11,217.70,0.00,0.00,0.998,0.002,0.002,0.002,240.93,0.25,0.26
2026-03-22T17:25:28.936,11,216.16,0.00,0.00,0.990,0.002,0.003,0.002,241.20,0.26,0.26
2026-03-22T17:25:32.141,11,74.00,0.00,0.00,0.413,0.002,0.002,0.003,241.16,0.25,0.26
2026-03-22T17:25:35.344,11,65.55,0.00,0.00,0.381,0.003,0.003,0.003,241.54,0.25,0.26
2026-03-22T17:25:38.548,11,53.84,0.00,0.00,0.335,0.002,0.002,0.003,241.31,0.25,0.26
2026-03-22T17:25:41.752,11,53.08,0.00,0.00,0.333,0.002,0.003,0.003,241.44,0.26,0.25
2026-03-22T17:25:44.956,11,54.46,0.00,0.00,0.337,0.002,0.003,0.003,241.27,0.25,0.25
2026-03-22T17:25:48.159,11,53.50,0.00,0.00,0.333,0.002,0.002,0.003,241.46,0.26,0.25
2026-03-22T17:25:51.363,11,53.02,0.00,0.00,0.332,0.002,0.002,0.003,241.27,0.26,0.25
2026-03-22T17:25:54.568,11,71.83,0.00,0.00,0.403,0.002,0.002,0.003,241.09,0.26,0.25
2026-03-22T17:25:57.771,11,78.12,0.00,0.00,0.428,0.002,0.002,0.002,241.26,0.26,0.25
2026-03-22T17:26:00.976,11,103.07,0.00,0.00,0.528,0.002,0.002,0.003,241.00,0.26,0.25
2026-03-22T17:26:04.179,11,120.29,0.00,0.00,0.594,0.002,0.002,0.003,241.15,0.25,0.27
2026-03-22T17:26:07.384,11,123.11,0.00,0.00,0.606,0.003,0.003,0.003,240.65,0.25,0.25
2026-03-22T17:26:10.587,11,118.80,0.00,0.00,0.588,0.002,0.002,0.003,241.23,0.25,0.25
2026-03-22T17:26:13.790,11,121.29,0.00,0.00,0.599,0.002,0.002,0.002,241.24,0.25,0.25
2026-03-22T17:26:16.994,11,118.79,0.00,0.00,0.588,0.002,0.002,0.003,241.62,0.26,0.26
2026-03-22T17:26:20.198,11,119.60,0.00,0.00,0.591,0.002,0.003,0.003,241.69,0.25,0.26
2026-03-22T17:26:23.403,11,123.91,0.00,0.00,0.609,0.002,0.002,0.003,241.49,0.26,0.26
2026-03-22T17:26:26.607,11,119.62,0.00,0.00,0.592,0.002,0.003,0.003,241.31,0.25,0.26
2026-03-22T17:26:29.810,11,119.84,0.00,0.00,0.592,0.002,0.002,0.003,241.32,0.26,0.26
2026-03-22T17:26:33.014,11,120.19,0.00,0.00,0.593,0.002,0.002,0.003,241.46,0.26,0.25
2026-03-22T17:26:36.218,11,119.16,0.00,0.00,0.590,0.002,0.002,0.003,241.35,0.26,0.25
2026-03-22T17:26:39.422,11,120.16,0.00,0.00,0.594,0.002,0.003,0.003,241.14,0.25,0.25
2026-03-22T17:26:42.625,11,119.93,0.00,0.00,0.592,0.003,0.002,0.003,241.23,0.25,0.25
2026-03-22T17:26:45.830,11,120.37,0.00,0.00,0.594,0.003,0.003,0.003,241.24,0.25,0.26
2026-03-22T17:26:49.033,11,121.49,0.00,0.00,0.599,0.002,0.002,0.003,240.78,0.26,0.25
2026-03-22T17:26:52.238,11,119.04,0.00,0.00,0.589,0.003,0.002,0.003,241.12,0.26,0.26
2026-03-22T17:26:55.441,11,120.06,0.00,0.00,0.594,0.003,0.003,0.003,240.88,0.25,0.26
2026-03-22T17:26:58.646,11,119.05,0.00,0.00,0.590,0.002,0.003,0.003,240.51,0.25,0.26
2026-03-22T17:27:01.850,11,120.48,0.00,0.00,0.594,0.002,0.003,0.003,241.01,0.26,0.26
2026-03-22T17:27:05.054,11,119.86,0.00,0.00,0.594,0.003,0.003,0.002,240.87,0.25,0.25
2026-03-22T17:27:08.257,11,122.70,0.00,0.00,0.605,0.002,0.003,0.003,240.56,0.25,0.25
2026-03-22T17:27:11.460,11,120.50,0.00,0.00,0.595,0.003,0.003,0.003,241.07,0.25,0.26
2026-03-22T17:27:14.664,11,121.00,0.00,0.00,0.599,0.002,0.002,0.003,240.92,0.25,0.25
2026-03-22T17:27:17.869,11,118.96,0.00,0.00,0.590,0.002,0.003,0.003,240.96,0.25,0.26
2026-03-22T17:27:21.073,11,120.22,0.00,0.00,0.596,0.002,0.003,0.002,240.79,0.26,0.26
2026-03-22T17:27:24.276,11,64.89,0.00,0.00,0.379,0.002,0.003,0.003,241.05,0.26,0.26
2026-03-22T17:27:27.480,11,54.20,0.00,0.00,0.337,0.002,0.003,0.003,241.06,0.25,0.26
2026-03-22T17:27:30.684,11,52.21,0.00,0.00,0.329,0.002,0.002,0.003,240.69,0.25,0.26
2026-03-22T17:27:33.887,11,52.85,0.00,0.00,0.332,0.003,0.003,0.003,240.60,0.25,0.27
2026-03-22T17:27:37.092,11,52.27,0.00,0.00,0.329,0.002,0.002,0.003,240.90,0.25,0.26
2026-03-22T17:27:40.295,11,54.04,0.00,0.00,0.336,0.003,0.003,0.003,240.83,0.25,0.27
2026-03-22T17:27:43.499,11,52.16,0.00,0.00,0.329,0.002,0.002,0.003,240.83,0.27,0.26
2026-03-22T17:27:46.703,11,55.03,0.00,0.00,0.340,0.003,0.002,0.002,240.92,0.26,0.25
2026-03-22T17:27:49.907,11,80.83,0.00,0.00,0.451,0.002,0.003,0.002,241.08,0.26,0.25
2026-03-22T17:27:53.111,11,87.21,0.00,0.00,0.471,0.002,0.002,0.003,241.03,0.24,0.25
2026-03-22T17:27:56.315,11,85.12,0.00,0.00,0.463,0.002,0.002,0.003,241.34,0.26,0.26
2026-03-22T17:27:59.519,11,86.89,0.00,0.00,0.468,0.003,0.003,0.003,241.57,0.25,0.27
2026-03-22T17:28:02.723,11,85.83,0.00,0.00,0.464,0.002,0.003,0.003,241.30,0.25,0.26
2026-03-22T17:28:05.926,11,86.29,0.00,0.00,0.467,0.003,0.002,0.003,241.27,0.25,0.25
2026-03-22T17:28:09.130,11,84.40,0.00,0.00,0.459,0.002,0.002,0.003,241.25,0.25,0.26
2026-03-22T17:28:12.334,11,85.08,0.00,0.00,0.462,0.003,0.003,0.003,241.11,0.26,0.26
2026-03-22T17:28:15.538,11,86.29,0.00,0.00,0.467,0.002,0.002,0.003,241.16,0.25,0.26
2026-03-22T17:28:18.741,11,85.26,0.00,0.00,0.462,0.002,0.002,0.003,241.05,0.26,0.25
2026-03-22T17:28:21.946,11,86.10,0.00,0.00,0.466,0.002,0.003,0.002,241.32,0.25,0.26
2026-03-22T17:28:25.150,11,84.76,0.00,0.00,0.461,0.002,0.003,0.003,241.06,0.25,0.26
2026-03-22T17:28:28.354,11,85.50,0.00,0.00,0.463,0.003,0.003,0.003,241.19,0.25,0.25
2026-03-22T17:28:31.557,11,86.70,0.00,0.00,0.467,0.002,0.002,0.003,241.67,0.25,0.26
2026-03-22T17:28:34.761,11,84.52,0.00,0.00,0.459,0.002,0.003,0.003,241.15,0.26,0.26
2026-03-22T17:28:37.965,11,89.21,0.00,0.00,0.477,0.003,0.003,0.003,241.01,0.25,0.26
2026-03-22T17:28:41.169,11,84.46,0.00,0.00,0.459,0.002,0.003,0.003,241.59,0.25,0.25
2026-03-22T17:28:44.373,11,86.73,0.00,0.00,0.468,0.002,0.003,0.003,241.40,0.26,0.26
2026-03-22T17:28:47.577,11,86.30,0.00,0.00,0.466,0.002,0.003,0.003,241.50,0.25,0.26
2026-03-22T17:28:50.781,11,85.51,0.00,0.00,0.463,0.002,0.002,0.002,241.66,0.26,0.25
2026-03-22T17:28:53.984,11,85.74,0.00,0.00,0.464,0.002,0.003,0.003,241.50,0.25,0.26
2026-03-22T17:28:57.188,11,83.85,0.00,0.00,0.457,0.003,0.002,0.003,241.29,0.25,0.26
2026-03-22T17:29:00.392,11,84.45,0.00,0.00,0.460,0.002,0.002,0.002,241.03,0.26,0.25
2026-03-22T17:29:03.596,11,89.39,0.00,0.00,0.479,0.003,0.002,0.003,241.32,0.25,0.28
2026-03-22T17:29:06.800,11,85.31,0.00,0.00,0.462,0.002,0.002,0.003,241.67,0.25,0.26
2026-03-22T17:29:10.004,11,85.66,0.00,0.00,0.464,0.003,0.002,0.003,241.21,0.25,0.26
2026-03-22T17:29:13.208,11,86.59,0.00,0.00,0.468,0.003,0.002,0.003,241.37,0.26,0.26
2026-03-22T17:29:16.411,11,51.71,0.00,0.00,0.327,0.003,0.002,0.003,241.75,0.26,0.25
2026-03-22T17:29:19.615,11,51.69,0.00,0.00,0.327,0.003,0.003,0.003,241.56,0.26,0.25
2026-03-22T17:29:22.819,11,51.23,0.00,0.00,0.326,0.003,0.002,0.003,241.52,0.25,0.27
2026-03-22T17:29:26.023,11,53.14,0.00,0.00,0.335,0.003,0.002,0.003,241.58,0.25,0.26
2026-03-22T17:29:29.227,11,51.13,0.00,0.00,0.328,0.002,0.002,0.003,241.91,0.25,0.26
2026-03-22T17:29:32.431,11,51.14,0.00,0.00,0.329,0.002,0.002,0.003,241.58,0.25,0.27
2026-03-22T17:29:35.634,11,51.45,0.00,0.00,0.328,0.002,0.003,0.003,241.64,0.25,0.26
2026-03-22T17:29:38.838,11,51.59,0.00,0.00,0.329,0.002,0.002,0.003,241.58,0.25,0.26
2026-03-22T17:29:42.042,11,51.34,0.00,0.00,0.328,0.003,0.003,0.003,241.33,0.26,0.25
2026-03-22T17:29:45.246,11,73.93,0.00,0.00,0.432,0.003,0.003,0.003,241.39,0.26,0.26
2026-03-22T17:29:48.450,11,99.04,0.00,0.00,0.516,0.002,0.002,0.003,241.18,0.24,0.26
2026-03-22T17:29:51.653,11,177.53,0.00,0.00,0.833,0.002,0.003,0.003,241.08,0.26,0.26
2026-03-22T17:29:54.858,11,120.05,0.00,0.00,0.600,0.003,0.002,0.003,241.42,0.26,0.26
2026-03-22T17:29:58.062,11,180.03,0.00,0.00,0.842,0.002,0.003,0.003,241.10,0.25,0.26
2026-03-22T17:30:01.266,11,117.01,0.00,0.00,0.588,0.003,0.003,0.003,241.41,0.26,0.26
2026-03-22T17:30:04.470,11,179.59,0.00,0.00,0.844,0.003,0.003,0.003,241.00,0.25,0.25
2026-03-22T17:30:07.673,11,118.78,0.00,0.00,0.595,0.003,0.003,0.003,241.22,0.25,0.27
2026-03-22T17:30:10.878,11,172.52,0.00,0.00,0.816,0.002,0.003,0.003,240.87,0.26,0.25
2026-03-22T17:30:14.081,11,146.12,0.00,0.00,0.713,0.002,0.003,0.003,241.20,0.25,0.26
2026-03-22T17:30:17.285,11,123.50,0.00,0.00,0.616,0.003,0.003,0.003,240.77,0.26,0.26
2026-03-22T17:30:20.489,11,172.93,0.00,0.00,0.818,0.002,0.002,0.003,240.74,0.25,0.25
2026-03-22T17:30:23.692,11,111.68,0.00,0.00,0.566,0.003,0.003,0.002,241.05,0.25,0.26
2026-03-22T17:30:26.897,11,177.18,0.00,0.00,0.834,0.002,0.003,0.003,240.62,0.26,0.26
2026-03-22T17:30:30.100,11,106.73,0.00,0.00,0.545,0.002,0.003,0.003,241.14,0.26,0.26
2026-03-22T17:30:33.304,11,179.48,0.00,0.00,0.842,0.002,0.003,0.003,240.77,0.26,0.27
2026-03-22T17:30:36.508,11,122.13,0.00,0.00,0.609,0.002,0.002,0.003,241.24,0.25,0.26
2026-03-22T17:30:39.712,11,178.00,0.00,0.00,0.836,0.002,0.002,0.003,241.00,0.25,0.26
2026-03-22T17:30:42.916,11,120.79,0.00,0.00,0.603,0.003,0.003,0.003,240.96,0.25,0.26
2026-03-22T17:30:46.121,11,177.75,0.00,0.00,0.837,0.003,0.003,0.003,240.91,0.26,0.26
2026-03-22T17:30:49.325,11,119.94,0.00,0.00,0.599,0.002,0.002,0.003,241.05,0.25,0.26
2026-03-22T17:30:52.528,11,182.52,0.00,0.00,0.854,0.002,0.003,0.003,241.21,0.25,0.26
2026-03-22T17:30:55.732,11,120.69,0.00,0.00,0.603,0.003,0.002,0.003,241.16,0.26,0.26
2026-03-22T17:30:58.936,11,180.30,0.00,0.00,0.846,0.002,0.003,0.003,240.99,0.27,0.27
2026-03-22T17:31:02.140,11,120.58,0.00,0.00,0.602,0.002,0.003,0.003,241.68,0.26,0.26
2026-03-22T17:31:05.343,11,171.21,0.00,0.00,0.813,0.003,0.002,0.003,241.29,0.26,0.27
2026-03-22T17:31:08.547,11,150.35,0.00,0.00,0.733,0.003,0.002,0.003,241.08,0.26,0.27
2026-03-22T17:31:11.751,11,116.59,0.00,0.00,0.589,0.002,0.003,0.003,241.31,0.26,0.26
2026-03-22T17:31:14.955,11,79.75,0.00,0.00,0.434,0.003,0.003,0.003,241.59,0.27,0.27
2026-03-22T17:31:18.158,11,63.29,0.00,0.00,0.373,0.003,0.002,0.003,241.46,0.26,0.26
2026-03-22T17:31:21.362,11,52.49,0.00,0.00,0.331,0.003,0.003,0.003,241.52,0.26,0.26
2026-03-22T17:31:24.567,11,51.65,0.00,0.00,0.328,0.003,0.003,0.003,241.37,0.26,0.26
2026-03-22T17:31:27.771,11,51.57,0.00,0.00,0.328,0.003,0.003,0.003,241.34,0.25,0.26
2026-03-22T17:31:30.974,11,52.29,0.00,0.00,0.330,0.003,0.003,0.003,241.17,0.26,0.26
2026-03-22T17:31:34.178,11,51.49,0.00,0.00,0.327,0.002,0.003,0.003,241.17,0.26,0.26
2026-03-22T17:31:37.382,11,52.10,0.00,0.00,0.329,0.002,0.002,0.003,241.33,0.25,0.26
2026-03-22T17:31:40.586,11,57.03,0.00,0.00,0.348,0.002,0.002,0.003,241.64,0.26,0.26
2026-03-22T17:31:43.790,11,98.37,0.00,0.00,0.513,0.003,0.003,0.003,241.44,0.26,0.26
2026-03-22T17:31:46.993,11,236.33,0.00,0.00,1.077,0.003,0.002,0.003,241.19,0.27,0.27
2026-03-22T17:31:50.198,11,235.94,0.00,0.00,1.077,0.003,0.003,0.003,240.76,0.25,0.26
2026-03-22T17:31:53.401,11,236.07,0.00,0.00,1.077,0.003,0.002,0.003,240.79,0.25,0.26
2026-03-22T17:31:56.605,11,235.02,0.00,0.00,1.071,0.003,0.002,0.003,241.07,0.25,0.26
2026-03-22T17:31:59.810,11,235.53,0.00,0.00,1.074,0.002,0.002,0.002,241.27,0.26,0.25
2026-03-22T17:32:03.013,11,235.65,0.00,0.00,1.073,0.002,0.003,0.003,241.18,0.26,0.25
2026-03-22T17:32:06.218,11,237.06,0.00,0.00,1.080,0.003,0.003,0.003,241.22,0.26,0.27
2026-03-22T17:32:09.422,11,239.04,0.00,0.00,1.087,0.003,0.003,0.003,241.41,0.26,0.27
2026-03-22T17:32:12.624,11,238.98,0.00,0.00,1.089,0.002,0.003,0.003,240.86,0.26,0.26
2026-03-22T17:32:15.828,11,238.53,0.00,0.00,1.085,0.002,0.002,0.003,241.25,0.26,0.25
2026-03-22T17:32:19.032,11,241.00,0.00,0.00,1.096,0.002,0.002,0.003,241.01,0.26,0.26
2026-03-22T17:32:22.237,11,240.27,0.00,0.00,1.092,0.002,0.003,0.003,241.21,0.25,0.26
2026-03-22T17:32:25.440,11,241.03,0.00,0.00,1.095,0.002,0.003,0.003,241.13,0.25,0.25
2026-03-22T17:32:28.645,11,239.27,0.00,0.00,1.092,0.003,0.002,0.003,240.69,0.26,0.26
2026-03-22T17:32:31.848,11,241.88,0.00,0.00,1.101,0.002,0.003,0.003,240.98,0.26,0.25
2026-03-22T17:32:35.052,11,241.17,0.00,0.00,1.098,0.003,0.002,0.003,241.24,0.26,0.26
2026-03-22T17:32:38.257,11,239.10,0.00,0.00,1.089,0.002,0.003,0.003,240.96,0.26,0.27
2026-03-22T17:32:41.460,11,242.20,0.00,0.00,1.102,0.002,0.003,0.003,241.08,0.25,0.26
2026-03-22T17:32:44.663,11,242.62,0.00,0.00,1.103,0.002,0.003,0.003,241.02,0.26,0.26
2026-03-22T17:32:47.868,11,241.69,0.00,0.00,1.097,0.003,0.003,0.003,241.42,0.25,0.27
2026-03-22T17:32:51.072,11,242.34,0.00,0.00,1.102,0.002,0.002,0.003,240.81,0.26,0.26
2026-03-22T17:32:54.276,11,245.84,0.00,0.00,1.115,0.002,0.002,0.003,241.39,0.25,0.25
2026-03-22T17:32:57.479,11,242.12,0.00,0.00,1.101,0.002,0.002,0.003,241.19,0.26,0.26
2026-03-22T17:33:00.684,11,242.52,0.00,0.00,1.103,0.003,0.003,0.003,241.16,0.26,0.25
2026-03-22T17:33:03.888,11,247.01,0.00,0.00,1.121,0.003,0.003,0.003,241.20,0.25,0.26
2026-03-22T17:33:07.091,11,216.80,0.00,0.00,0.992,0.002,0.002,0.002,241.23,0.26,0.27
2026-03-22T17:33:10.295,11,83.87,0.00,0.00,0.451,0.003,0.003,0.003,241.23,0.26,0.27
2026-03-22T17:33:13.499,11,67.36,0.00,0.00,0.388,0.003,0.002,0.003,241.61,0.26,0.26
2026-03-22T17:33:16.702,11,58.61,0.00,0.00,0.355,0.003,0.003,0.003,241.64,0.26,0.26
2026-03-22T17:33:19.906,11,53.92,0.00,0.00,0.337,0.002,0.002,0.003,241.67,0.26,0.27
2026-03-22T17:33:23.110,11,54.26,0.00,0.00,0.338,0.002,0.003,0.003,241.51,0.25,0.25
2026-03-22T17:33:26.314,11,54.13,0.00,0.00,0.337,0.002,0.002,0.002,241.35,0.26,0.26
2026-03-22T17:33:29.518,11,53.32,0.00,0.00,0.334,0.002,0.002,0.003,241.38,0.26,0.25
2026-03-22T17:33:32.722,11,53.31,0.00,0.00,0.334,0.002,0.002,0.003,241.15,0.26,0.26
2026-03-22T17:33:35.926,11,90.41,0.00,0.00,0.486,0.003,0.002,0.002,241.59,0.25,0.26
2026-03-22T17:33:39.129,11,94.75,0.00,0.00,0.500,0.002,0.002,0.003,241.16,0.26,0.27
2026-03-22T17:33:42.334,11,100.55,0.00,0.00,0.526,0.003,0.003,0.003,241.20,0.26,0.25
2026-03-22T17:33:45.537,11,144.14,0.00,0.00,0.696,0.002,0.003,0.003,241.38,0.26,0.26
2026-03-22T17:33:48.741,11,145.89,0.00,0.00,0.703,0.002,0.003,0.003,241.53,0.26,0.25
2026-03-22T17:33:51.946,11,142.45,0.00,0.00,0.691,0.002,0.002,0.003,241.37,0.26,0.26
2026-03-22T17:33:55.149,11,145.28,0.00,0.00,0.701,0.003,0.003,0.003,241.07,0.26,0.26
2026-03-22T17:33:58.354,11,143.64,0.00,0.00,0.695,0.003,0.002,0.003,241.02,0.26,0.28
2026-03-22T17:34:01.557,11,149.04,0.00,0.00,0.717,0.003,0.002,0.003,241.03,0.26,0.27
2026-03-22T17:34:04.760,11,145.25,0.00,0.00,0.702,0.003,0.002,0.003,240.85,0.26,0.25
2026-03-22T17:34:07.965,11,142.86,0.00,0.00,0.691,0.002,0.003,0.003,240.67,0.26,0.25
2026-03-22T17:34:11.169,11,144.42,0.00,0.00,0.697,0.003,0.002,0.003,241.04,0.26,0.25
2026-03-22T17:34:14.372,11,143.07,0.00,0.00,0.694,0.003,0.003,0.002,240.96,0.26,0.25
2026-03-22T17:34:17.576,11,142.59,0.00,0.00,0.691,0.003,0.002,0.002,240.95,0.26,0.25
2026-03-22T17:34:20.781,11,145.67,0.00,0.00,0.704,0.003,0.003,0.003,240.94,0.26,0.26
2026-03-22T17:34:23.984,11,147.52,0.00,0.00,0.712,0.002,0.002,0.003,241.12,0.26,0.27
2026-03-22T17:34:27.189,11,143.58,0.00,0.00,0.695,0.002,0.002,0.003,240.73,0.25,0.26
2026-03-22T17:34:30.392,11,144.83,0.00,0.00,0.701,0.002,0.003,0.003,240.65,0.26,0.26
2026-03-22T17:34:33.596,11,144.18,0.00,0.00,0.697,0.002,0.002,0.003,240.58,0.26,0.25
2026-03-22T17:34:36.799,11,144.16,0.00,0.00,0.698,0.003,0.003,0.003,240.64,0.26,0.26
2026-03-22T17:34:40.003,11,144.57,0.00,0.00,0.699,0.002,0.003,0.003,241.00,0.25,0.26
2026-03-22T17:34:43.208,11,144.33,0.00,0.00,0.698,0.003,0.002,0.002,240.50,0.26,0.26
2026-03-22T17:34:46.411,11,145.76,0.00,0.00,0.704,0.003,0.003,0.003,240.93,0.25,0.26
2026-03-22T17:34:49.615,11,145.17,0.00,0.00,0.700,0.003,0.003,0.003,241.11,0.25,0.25
2026-03-22T17:34:52.820,11,142.19,0.00,0.00,0.690,0.002,0.003,0.003,240.85,0.25,0.26
2026-03-22T17:34:56.023,11,144.56,0.00,0.00,0.699,0.003,0.002,0.003,240.98,0.26,0.26
2026-03-22T17:34:59.228,11,144.97,0.00,0.00,0.702,0.003,0.003,0.003,240.88,0.26,0.26
2026-03-22T17:35:02.431,11,121.79,0.00,0.00,0.601,0.002,0.002,0.003,240.82,0.27,0.26
2026-03-22T17:35:05.634,11,79.01,0.00,0.00,0.432,0.002,0.002,0.002,241.06,0.25,0.25
2026-03-22T17:35:08.838,11,64.28,0.00,0.00,0.376,0.003,0.002,0.003,240.80,0.26,0.28
2026-03-22T17:35:12.042,11,51.91,0.00,0.00,0.329,0.002,0.003,0.003,240.83,0.26,0.27
2026-03-22T17:35:15.246,11,51.87,0.00,0.00,0.329,0.002,0.003,0.003,241.12,0.26,0.26
2026-03-22T17:35:18.450,11,53.03,0.00,0.00,0.332,0.003,0.002,0.003,240.93,0.26,0.26
2026-03-22T17:35:21.654,11,52.29,0.00,0.00,0.330,0.002,0.002,0.003,241.23,0.26,0.26
2026-03-22T17:35:24.858,11,52.65,0.00,0.00,0.330,0.003,0.003,0.003,241.25,0.25,0.25
2026-03-22T17:35:28.062,11,52.91,0.00,0.00,0.332,0.002,0.003,0.002,241.32,0.26,0.26
2026-03-22T17:35:31.265,11,81.37,0.00,0.00,0.442,0.002,0.002,0.003,241.03,0.26,0.25
2026-03-22T17:35:34.470,11,326.56,0.00,0.00,1.455,0.003,0.003,0.003,240.55,0.27,0.26
2026-03-22T17:35:37.674,11,264.89,0.00,0.00,1.196,0.002,0.003,0.002,240.51,0.25,0.25
2026-03-22T17:35:40.878,11,332.46,0.00,0.00,1.477,0.002,0.003,0.002,240.64,0.26,0.25
2026-03-22T17:35:44.081,11,269.11,0.00,0.00,1.213,0.002,0.002,0.003,240.81,0.26,0.25
2026-03-22T17:35:47.285,11,333.74,0.00,0.00,1.483,0.002,0.002,0.003,240.62,0.26,0.26
2026-03-22T17:35:50.488,11,269.43,0.00,0.00,1.214,0.003,0.002,0.003,240.89,0.25,0.26
2026-03-22T17:35:53.693,11,335.88,0.00,0.00,1.494,0.002,0.002,0.003,240.09,0.26,0.26
2026-03-22T17:35:56.897,11,265.97,0.00,0.00,1.202,0.003,0.002,0.003,240.32,0.25,0.26
2026-03-22T17:36:00.101,11,336.81,0.00,0.00,1.496,0.002,0.003,0.003,240.39,0.26,0.25
2026-03-22T17:36:03.305,11,261.81,0.00,0.00,1.182,0.003,0.003,0.003,240.74,0.26,0.24
2026-03-22T17:36:06.509,11,340.70,0.00,0.00,1.515,0.002,0.003,0.003,240.15,0.26,0.26
2026-03-22T17:36:09.713,11,280.76,0.00,0.00,1.265,0.002,0.002,0.003,240.25,0.26,0.25
2026-03-22T17:36:12.917,11,342.87,0.00,0.00,1.520,0.002,0.003,0.003,240.44,0.25,0.26
2026-03-22T17:36:16.121,11,268.20,0.00,0.00,1.210,0.002,0.003,0.003,240.71,0.26,0.26
2026-03-22T17:36:19.325,11,344.78,0.00,0.00,1.532,0.002,0.002,0.003,240.31,0.25,0.24
2026-03-22T17:36:22.528,11,277.47,0.00,0.00,1.250,0.002,0.003,0.003,240.24,0.26,0.27
2026-03-22T17:36:25.732,11,349.85,0.00,0.00,1.553,0.003,0.003,0.003,240.34,0.26,0.27
2026-03-22T17:36:28.936,11,290.83,0.00,0.00,1.307,0.003,0.002,0.002,240.45,0.26,0.26
2026-03-22T17:36:32.140,11,350.16,0.00,0.00,1.553,0.002,0.002,0.003,240.37,0.26,0.26
2026-03-22T17:36:35.344,11,312.50,0.00,0.00,1.401,0.002,0.003,0.002,240.34,0.26,0.26
2026-03-22T17:36:38.547,11,323.12,0.00,0.00,1.448,0.003,0.002,0.003,240.12,0.27,0.26
2026-03-22T17:36:41.752,11,348.29,0.00,0.00,1.547,0.002,0.002,0.002,240.41,0.26,0.25
2026-03-22T17:36:44.955,11,292.59,0.00,0.00,1.313,0.002,0.002,0.002,240.68,0.26,0.26
2026-03-22T17:36:48.159,11,358.34,0.00,0.00,1.587,0.002,0.003,0.003,240.45,0.26,0.27
2026-03-22T17:36:51.364,11,297.83,0.00,0.00,1.335,0.002,0.002,0.003,240.48,0.27,0.26
2026-03-22T17:36:54.566,11,364.79,0.00,0.00,1.616,0.002,0.002,0.003,240.31,0.26,0.26
2026-03-22T17:36:57.771,11,274.00,0.00,0.00,1.245,0.002,0.002,0.003,240.21,0.26,0.26
2026-03-22T17:37:00.975,11,91.40,0.00,0.00,0.482,0.002,0.002,0.003,240.58,0.26,0.26
2026-03-22T17:37:04.179,11,63.10,0.00,0.00,0.372,0.003,0.002,0.003,240.67,0.27,0.26
2026-03-22T17:37:07.382,11,63.32,0.00,0.00,0.373,0.002,0.002,0.003,240.63,0.26,0.26
2026-03-22T17:37:10.586,11,59.70,0.00,0.00,0.359,0.002,0.002,0.002,240.58,0.25,0.26
2026-03-22T17:37:13.790,11,58.82,0.00,0.00,0.356,0.003,0.002,0.002,240.61,0.26,0.26
2026-03-22T17:37:16.994,11,58.63,0.00,0.00,0.354,0.003,0.002,0.003,240.71,0.26,0.25
2026-03-22T17:37:20.198,11,58.92,0.00,0.00,0.356,0.002,0.002,0.003,240.52,0.26,0.25
2026-03-22T17:37:23.401,11,64.95,0.00,0.00,0.379,0.002,0.002,0.003,240.78,0.26,0.25
2026-03-22T17:37:26.605,11,102.17,0.00,0.00,0.530,0.002,0.002,0.003,240.66,0.26,0.26
2026-03-22T17:37:29.809,11,185.44,0.00,0.00,0.866,0.002,0.002,0.003,240.70,0.26,0.25
2026-03-22T17:37:33.014,11,148.27,0.00,0.00,0.723,0.002,0.002,0.003,240.50,0.26,0.25
2026-03-22T17:37:36.217,11,118.65,0.00,0.00,0.596,0.002,0.003,0.003,240.68,0.26,0.27
2026-03-22T17:37:39.421,11,182.69,0.00,0.00,0.856,0.003,0.002,0.003,240.52,0.26,0.25
2026-03-22T17:37:42.625,11,110.55,0.00,0.00,0.564,0.002,0.002,0.003,240.59,0.26,0.26
2026-03-22T17:37:45.829,11,182.83,0.00,0.00,0.857,0.002,0.002,0.003,240.55,0.26,0.27
2026-03-22T17:37:49.033,11,114.08,0.00,0.00,0.578,0.002,0.003,0.003,240.61,0.26,0.25
2026-03-22T17:37:52.236,11,185.11,0.00,0.00,0.865,0.003,0.002,0.003,240.79,0.26,0.26
2026-03-22T17:37:55.441,11,128.33,0.00,0.00,0.634,0.003,0.002,0.003,240.50,0.26,0.25
2026-03-22T17:37:58.644,11,183.71,0.00,0.00,0.860,0.002,0.002,0.003,240.79,0.26,0.26
2026-03-22T17:38:01.848,11,124.83,0.00,0.00,0.617,0.002,0.003,0.003,240.90,0.26,0.27
2026-03-22T17:38:05.053,11,183.80,0.00,0.00,0.860,0.002,0.002,0.003,240.62,0.26,0.25
2026-03-22T17:38:08.256,11,126.28,0.00,0.00,0.624,0.002,0.003,0.003,241.17,0.26,0.26
2026-03-22T17:38:11.461,11,186.05,0.00,0.00,0.869,0.002,0.003,0.003,240.95,0.26,0.26
2026-03-22T17:38:14.664,11,123.46,0.00,0.00,0.614,0.003,0.002,0.002,241.06,0.26,0.26
2026-03-22T17:38:17.868,11,174.02,0.00,0.00,0.823,0.002,0.003,0.002,240.97,0.25,0.26
2026-03-22T17:38:21.071,11,158.63,0.00,0.00,0.766,0.003,0.002,0.003,241.01,0.26,0.25
2026-03-22T17:38:24.275,11,127.93,0.00,0.00,0.633,0.002,0.002,0.003,240.66,0.27,0.25
2026-03-22T17:38:27.480,11,184.35,0.00,0.00,0.864,0.002,0.003,0.003,240.58,0.27,0.25
2026-03-22T17:38:30.684,11,112.10,0.00,0.00,0.569,0.002,0.002,0.003,240.99,0.26,0.25
2026-03-22T17:38:33.888,11,180.10,0.00,0.00,0.845,0.002,0.003,0.003,240.65,0.26,0.27
2026-03-22T17:38:37.091,11,112.40,0.00,0.00,0.571,0.002,0.002,0.002,240.47,0.26,0.25
2026-03-22T17:38:40.296,11,180.17,0.00,0.00,0.847,0.003,0.003,0.002,240.33,0.26,0.25
2026-03-22T17:38:43.499,11,126.57,0.00,0.00,0.626,0.002,0.002,0.003,240.56,0.26,0.26
2026-03-22T17:38:46.703,11,183.22,0.00,0.00,0.858,0.002,0.002,0.003,240.66,0.26,0.25
2026-03-22T17:38:49.907,11,100.07,0.00,0.00,0.517,0.003,0.002,0.003,240.46,0.27,0.25
2026-03-22T17:38:53.111,11,159.27,0.00,0.00,0.759,0.002,0.002,0.003,240.61,0.26,0.26
2026-03-22T17:38:56.314,11,68.24,0.00,0.00,0.392,0.003,0.002,0.003,240.58,0.26,0.27
2026-03-22T17:38:59.518,11,56.63,0.00,0.00,0.348,0.002,0.002,0.003,240.59,0.26,0.26
2026-03-22T17:39:02.722,11,54.20,0.00,0.00,0.337,0.003,0.003,0.002,240.76,0.25,0.26
2026-03-22T17:39:05.926,11,54.58,0.00,0.00,0.338,0.003,0.003,0.002,240.52,0.26,0.26
2026-03-22T17:39:09.130,11,53.72,0.00,0.00,0.336,0.003,0.002,0.003,240.69,0.26,0.24
2026-03-22T17:39:12.334,11,53.42,0.00,0.00,0.334,0.002,0.003,0.003,240.24,0.26,0.26
2026-03-22T17:39:15.538,11,53.16,0.00,0.00,0.333,0.002,0.003,0.003,240.63,0.26,0.26
2026-03-22T17:39:18.741,11,55.86,0.00,0.00,0.343,0.002,0.003,0.002,240.70,0.26,0.25
2026-03-22T17:39:21.945,11,99.45,0.00,0.00,0.519,0.003,0.002,0.003,240.54,0.25,0.26
2026-03-22T17:39:25.150,11,236.15,0.00,0.00,1.078,0.002,0.002,0.003,240.49,0.26,0.25
2026-03-22T17:39:28.354,11,241.19,0.00,0.00,1.100,0.003,0.003,0.003,240.35,0.26,0.25
2026-03-22T17:39:31.557,11,237.74,0.00,0.00,1.086,0.002,0.003,0.003,240.21,0.26,0.26
2026-03-22T17:39:34.760,11,238.97,0.00,0.00,1.091,0.003,0.002,0.003,240.30,0.26,0.26
2026-03-22T17:39:37.965,11,241.10,0.00,0.00,1.099,0.002,0.003,0.003,240.52,0.25,0.26
2026-03-22T17:39:41.169,11,241.06,0.00,0.00,1.101,0.002,0.002,0.003,240.21,0.26,0.26
2026-03-22T17:39:44.373,11,241.41,0.00,0.00,1.104,0.002,0.002,0.003,239.86,0.26,0.25
2026-03-22T17:39:47.576,11,240.30,0.00,0.00,1.097,0.002,0.003,0.002,240.22,0.26,0.25
2026-03-22T17:39:50.781,11,241.25,0.00,0.00,1.099,0.003,0.002,0.003,240.41,0.26,0.25
2026-03-22T17:39:53.984,11,242.00,0.00,0.00,1.104,0.003,0.003,0.003,240.06,0.26,0.26
2026-03-22T17:39:57.188,11,241.59,0.00,0.00,1.102,0.002,0.003,0.003,240.02,0.26,0.26
2026-03-22T17:40:00.392,11,243.12,0.00,0.00,1.109,0.002,0.003,0.003,239.80,0.26,0.25
2026-03-22T17:40:03.597,11,242.53,0.00,0.00,1.104,0.002,0.003,0.003,240.13,0.26,0.26
2026-03-22T17:40:06.800,11,242.27,0.00,0.00,1.108,0.002,0.002,0.002,239.46,0.27,0.26
2026-03-22T17:40:10.003,11,243.58,0.00,0.00,1.111,0.002,0.002,0.002,239.69,0.26,0.26
2026-03-22T17:40:13.208,11,243.05,0.00,0.00,1.108,0.002,0.003,0.003,239.81,0.26,0.25
2026-03-22T17:40:16.411,11,244.63,0.00,0.00,1.116,0.002,0.002,0.003,239.95,0.26,0.26
2026-03-22T17:40:19.616,11,243.35,0.00,0.00,1.113,0.002,0.003,0.003,239.59,0.26,0.25
2026-03-22T17:40:22.820,11,245.48,0.00,0.00,1.120,0.003,0.002,0.003,239.61,0.27,0.26
2026-03-22T17:40:26.023,11,244.23,0.00,0.00,1.115,0.002,0.002,0.002,239.71,0.26,0.26
2026-03-22T17:40:29.227,11,244.88,0.00,0.00,1.118,0.003,0.002,0.003,239.54,0.27,0.25
2026-03-22T17:40:32.432,11,242.39,0.00,0.00,1.108,0.002,0.002,0.003,239.54,0.25,0.26
2026-03-22T17:40:35.634,11,245.69,0.00,0.00,1.122,0.002,0.003,0.003,239.79,0.26,0.25
2026-03-22T17:40:38.839,11,245.18,0.00,0.00,1.117,0.002,0.003,0.003,240.13,0.26,0.26
2026-03-22T17:40:42.043,11,243.91,0.00,0.00,1.112,0.002,0.002,0.003,240.00,0.26,0.24
2026-03-22T17:40:45.247,11,221.26,0.00,0.00,1.014,0.002,0.003,0.003,240.35,0.27,0.25
2026-03-22T17:40:48.450,11,221.69,0.00,0.00,1.016,0.002,0.003,0.002,240.20,0.26,0.26
2026-03-22T17:40:51.654,11,68.27,0.00,0.00,0.391,0.002,0.002,0.003,240.25,0.27,0.25
2026-03-22T17:40:54.858,11,58.24,0.00,0.00,0.352,0.002,0.002,0.003,240.16,0.27,0.26
2026-03-22T17:40:58.062,11,54.98,0.00,0.00,0.339,0.003,0.003,0.003,240.39,0.26,0.26
2026-03-22T17:41:01.265,11,56.30,0.00,0.00,0.345,0.002,0.003,0.003,240.47,0.26,0.26
2026-03-22T17:41:04.470,11,54.72,0.00,0.00,0.339,0.002,0.002,0.003,240.04,0.25,0.26
2026-03-22T17:41:07.673,11,54.26,0.00,0.00,0.337,0.002,0.003,0.003,240.19,0.26,0.25
2026-03-22T17:41:10.877,11,54.50,0.00,0.00,0.336,0.003,0.002,0.003,240.16,0.26,0.26
2026-03-22T17:41:14.081,11,54.42,0.00,0.00,0.337,0.002,0.003,0.003,240.06,0.26,0.26
2026-03-22T17:41:17.285,11,102.81,0.00,0.00,0.531,0.002,0.002,0.003,239.96,0.26,0.27
2026-03-22T17:41:20.489,11,88.97,0.00,0.00,0.478,0.002,0.003,0.003,240.01,0.25,0.25
2026-03-22T17:41:23.694,11,146.44,0.00,0.00,0.707,0.002,0.003,0.003,239.94,0.26,0.25
2026-03-22T17:41:26.897,11,140.37,0.00,0.00,0.682,0.003,0.003,0.002,239.85,0.26,0.27
2026-03-22T17:41:30.100,11,142.20,0.00,0.00,0.690,0.002,0.002,0.003,239.88,0.26,0.27
2026-03-22T17:41:33.305,11,147.14,0.00,0.00,0.710,0.002,0.002,0.003,239.93,0.26,0.27
2026-03-22T17:41:36.508,11,146.35,0.00,0.00,0.706,0.002,0.003,0.003,240.39,0.26,0.26
2026-03-22T17:41:39.712,11,144.38,0.00,0.00,0.698,0.002,0.002,0.003,240.40,0.25,0.25
2026-03-22T17:41:42.917,11,146.38,0.00,0.00,0.705,0.002,0.003,0.003,240.45,0.26,0.26
2026-03-22T17:41:46.120,11,143.88,0.00,0.00,0.695,0.002,0.002,0.003,240.20,0.25,0.26
2026-03-22T17:41:49.324,11,146.63,0.00,0.00,0.707,0.002,0.003,0.003,240.19,0.26,0.26
2026-03-22T17:41:52.529,11,144.93,0.00,0.00,0.700,0.003,0.003,0.003,240.39,0.26,0.25
2026-03-22T17:41:55.731,11,145.56,0.00,0.00,0.703,0.003,0.002,0.003,240.10,0.27,0.25
2026-03-22T17:41:58.936,11,145.03,0.00,0.00,0.701,0.003,0.002,0.002,240.12,0.26,0.26
2026-03-22T17:42:02.140,11,142.83,0.00,0.00,0.692,0.003,0.003,0.003,240.09,0.26,0.25
2026-03-22T17:42:05.343,11,146.14,0.00,0.00,0.706,0.002,0.002,0.003,240.09,0.26,0.27
2026-03-22T17:42:08.548,11,145.61,0.00,0.00,0.704,0.002,0.002,0.002,240.11,0.26,0.26
2026-03-22T17:42:11.751,11,144.62,0.00,0.00,0.699,0.003,0.003,0.003,240.39,0.26,0.27
2026-03-22T17:42:14.955,11,145.04,0.00,0.00,0.702,0.002,0.003,0.003,240.03,0.25,0.25
2026-03-22T17:42:18.160,11,145.35,0.00,0.00,0.703,0.002,0.003,0.002,239.80,0.26,0.25
2026-03-22T17:42:21.363,11,142.73,0.00,0.00,0.693,0.002,0.003,0.003,239.56,0.26,0.26
2026-03-22T17:42:24.567,11,146.48,0.00,0.00,0.707,0.002,0.003,0.003,240.12,0.25,0.26
2026-03-22T17:42:27.771,11,144.70,0.00,0.00,0.699,0.002,0.003,0.003,240.09,0.26,0.25
2026-03-22T17:42:30.975,11,144.59,0.00,0.00,0.700,0.002,0.002,0.003,240.57,0.26,0.26
2026-03-22T17:42:34.178,11,142.29,0.00,0.00,0.688,0.002,0.003,0.003,240.79,0.26,0.25
2026-03-22T17:42:37.383,11,145.88,0.00,0.00,0.705,0.002,0.002,0.003,240.59,0.26,0.26
2026-03-22T17:42:40.586,11,123.55,0.00,0.00,0.609,0.002,0.002,0.003,240.72,0.25,0.26
2026-03-22T17:42:43.791,11,119.81,0.00,0.00,0.595,0.003,0.002,0.003,240.03,0.26,0.25
2026-03-22T17:42:46.994,11,64.25,0.00,0.00,0.375,0.002,0.002,0.003,240.64,0.25,0.25
2026-03-22T17:42:50.197,11,54.96,0.00,0.00,0.339,0.003,0.002,0.003,240.65,0.27,0.25
2026-03-22T17:42:53.401,11,53.09,0.00,0.00,0.335,0.003,0.002,0.003,240.57,0.27,0.25
2026-03-22T17:42:56.606,11,53.81,0.00,0.00,0.337,0.003,0.003,0.003,240.64,0.25,0.27
2026-03-22T17:42:59.809,11,54.59,0.00,0.00,0.339,0.003,0.003,0.002,240.20,0.26,0.26
2026-03-22T17:43:03.013,11,52.41,0.00,0.00,0.330,0.002,0.002,0.003,240.60,0.26,0.26
2026-03-22T17:43:06.217,11,53.19,0.00,0.00,0.332,0.002,0.003,0.003,240.27,0.26,0.26
2026-03-22T17:43:09.421,11,83.55,0.00,0.00,0.449,0.002,0.002,0.003,240.42,0.27,0.26
2026-03-22T17:43:12.625,11,331.67,0.00,0.00,1.476,0.003,0.003,0.003,240.02,0.26,0.26
2026-03-22T17:43:15.828,11,269.37,0.00,0.00,1.216,0.002,0.002,0.002,240.03,0.26,0.24
2026-03-22T17:43:19.033,11,330.86,0.00,0.00,1.473,0.003,0.003,0.003,240.08,0.25,0.27
2026-03-22T17:43:22.237,11,270.27,0.00,0.00,1.221,0.002,0.002,0.003,240.20,0.26,0.26
2026-03-22T17:43:25.441,11,337.18,0.00,0.00,1.501,0.002,0.002,0.003,239.93,0.26,0.24
2026-03-22T17:43:28.645,11,273.59,0.00,0.00,1.234,0.003,0.003,0.002,240.23,0.26,0.26
2026-03-22T17:43:31.848,11,342.81,0.00,0.00,1.521,0.002,0.003,0.003,240.34,0.26,0.25
2026-03-22T17:43:35.052,11,274.77,0.00,0.00,1.241,0.003,0.002,0.003,239.93,0.25,0.26
2026-03-22T17:43:38.256,11,344.57,0.00,0.00,1.528,0.002,0.003,0.003,240.15,0.26,0.26
2026-03-22T17:43:41.461,11,279.34,0.00,0.00,1.258,0.003,0.002,0.003,240.42,0.27,0.25
2026-03-22T17:43:44.664,11,346.35,0.00,0.00,1.537,0.003,0.002,0.002,240.12,0.25,0.27
2026-03-22T17:43:47.868,11,280.92,0.00,0.00,1.267,0.003,0.003,0.003,239.79,0.27,0.26
2026-03-22T17:43:51.072,11,344.79,0.00,0.00,1.532,0.002,0.002,0.003,240.18,0.26,0.26
2026-03-22T17:43:54.276,11,284.64,0.00,0.00,1.280,0.002,0.002,0.003,240.28,0.26,0.26
2026-03-22T17:43:57.480,11,347.66,0.00,0.00,1.543,0.002,0.002,0.003,240.16,0.26,0.26
2026-03-22T17:44:00.683,11,289.31,0.00,0.00,1.299,0.003,0.002,0.003,240.35,0.26,0.25
2026-03-22T17:44:03.888,11,351.65,0.00,0.00,1.560,0.002,0.002,0.003,240.14,0.25,0.26
2026-03-22T17:44:07.091,11,279.15,0.00,0.00,1.257,0.002,0.002,0.003,240.39,0.26,0.25
2026-03-22T17:44:10.296,11,353.82,0.00,0.00,1.569,0.003,0.002,0.003,240.43,0.26,0.25
2026-03-22T17:44:13.499,11,277.09,0.00,0.00,1.250,0.003,0.003,0.003,240.12,0.26,0.26
2026-03-22T17:44:16.702,11,358.56,0.00,0.00,1.590,0.002,0.003,0.003,240.00,0.26,0.25
2026-03-22T17:44:19.906,11,287.37,0.00,0.00,1.292,0.003,0.002,0.003,240.42,0.26,0.25
2026-03-22T17:44:23.111,11,358.56,0.00,0.00,1.590,0.002,0.003,0.003,240.16,0.25,0.25
2026-03-22T17:44:26.315,11,286.88,0.00,0.00,1.290,0.002,0.003,0.003,240.36,0.25,0.26
2026-03-22T17:44:29.518,11,359.22,0.00,0.00,1.593,0.002,0.002,0.003,240.47,0.27,0.26
2026-03-22T17:44:32.722,11,298.09,0.00,0.00,1.339,0.003,0.002,0.002,240.17,0.25,0.25
2026-03-22T17:44:35.926,11,362.87,0.00,0.00,1.607,0.002,0.003,0.003,240.40,0.26,0.26
2026-03-22T17:44:39.130,11,108.38,0.00,0.00,0.548,0.002,0.002,0.003,241.01,0.26,0.25
2026-03-22T17:44:42.334,11,81.66,0.00,0.00,0.442,0.002,0.003,0.003,240.64,0.27,0.26
2026-03-22T17:44:45.537,11,61.85,0.00,0.00,0.370,0.003,0.002,0.003,240.71,0.26,0.26
2026-03-22T17:44:48.742,11,60.38,0.00,0.00,0.361,0.002,0.003,0.003,240.65,0.26,0.26
2026-03-22T17:44:51.946,11,59.85,0.00,0.00,0.358,0.002,0.002,0.003,240.69,0.25,0.25
2026-03-22T17:44:55.149,11,59.55,0.00,0.00,0.359,0.003,0.002,0.003,240.66,0.26,0.26
2026-03-22T17:44:58.353,11,58.51,0.00,0.00,0.353,0.002,0.002,0.003,240.73,0.25,0.24
2026-03-22T17:45:01.557,11,60.94,0.00,0.00,0.363,0.002,0.003,0.003,240.28,0.25,0.26
2026-03-22T17:45:04.760,11,96.40,0.00,0.00,0.509,0.003,0.003,0.003,240.67,0.25,0.25
2026-03-22T17:45:07.965,11,124.44,0.00,0.00,0.621,0.002,0.002,0.003,240.34,0.26,0.26
2026-03-22T17:45:11.169,11,182.96,0.00,0.00,0.858,0.002,0.002,0.003,240.39,0.26,0.26
2026-03-22T17:45:14.372,11,125.98,0.00,0.00,0.625,0.002,0.002,0.003,240.33,0.26,0.25
2026-03-22T17:45:17.577,11,184.38,0.00,0.00,0.865,0.002,0.002,0.002,240.44,0.26,0.27
2026-03-22T17:45:20.781,11,126.05,0.00,0.00,0.626,0.003,0.003,0.003,240.04,0.26,0.24
2026-03-22T17:45:23.984,11,184.05,0.00,0.00,0.862,0.003,0.003,0.002,240.44,0.26,0.26
2026-03-22T17:45:27.189,11,126.49,0.00,0.00,0.626,0.002,0.003,0.003,240.39,0.26,0.26
2026-03-22T17:45:30.393,11,184.94,0.00,0.00,0.867,0.002,0.003,0.002,240.25,0.26,0.26
2026-03-22T17:45:33.595,11,126.20,0.00,0.00,0.626,0.002,0.002,0.003,240.51,0.26,0.26
2026-03-22T17:45:36.800,11,182.77,0.00,0.00,0.858,0.003,0.002,0.003,240.41,0.26,0.26
2026-03-22T17:45:40.004,11,135.11,0.00,0.00,0.668,0.003,0.003,0.003,240.63,0.26,0.26
2026-03-22T17:45:43.208,11,142.26,0.00,0.00,0.693,0.002,0.003,0.003,240.62,0.27,0.25
2026-03-22T17:45:46.411,11,183.94,0.00,0.00,0.862,0.002,0.002,0.003,240.35,0.26,0.25
2026-03-22T17:45:49.616,11,114.71,0.00,0.00,0.580,0.002,0.002,0.003,240.65,0.26,0.25
2026-03-22T17:45:52.819,11,183.99,0.00,0.00,0.863,0.002,0.003,0.003,240.35,0.26,0.26
2026-03-22T17:45:56.024,11,115.80,0.00,0.00,0.584,0.002,0.003,0.003,241.02,0.26,0.26
2026-03-22T17:45:59.228,11,182.37,0.00,0.00,0.855,0.002,0.003,0.003,240.64,0.25,0.25
2026-03-22T17:46:02.431,11,125.18,0.00,0.00,0.620,0.002,0.002,0.003,240.74,0.25,0.26
2026-03-22T17:46:05.635,11,185.60,0.00,0.00,0.869,0.002,0.003,0.003,240.71,0.26,0.27
2026-03-22T17:46:08.839,11,124.91,0.00,0.00,0.620,0.002,0.003,0.003,240.86,0.25,0.26
2026-03-22T17:46:12.042,11,183.21,0.00,0.00,0.859,0.002,0.002,0.003,240.67,0.27,0.26
2026-03-22T17:46:15.247,11,126.42,0.00,0.00,0.626,0.003,0.003,0.003,240.87,0.26,0.26
2026-03-22T17:46:18.451,11,184.29,0.00,0.00,0.863,0.003,0.002,0.003,240.88,0.26,0.26
2026-03-22T17:46:21.654,11,125.36,0.00,0.00,0.623,0.002,0.002,0.003,240.79,0.26,0.26
2026-03-22T17:46:24.858,11,171.89,0.00,0.00,0.816,0.003,0.003,0.003,240.77,0.26,0.25
2026-03-22T17:46:28.062,11,166.67,0.00,0.00,0.797,0.003,0.003,0.003,240.82,0.27,0.25
2026-03-22T17:46:31.266,11,130.90,0.00,0.00,0.649,0.003,0.002,0.003,240.92,0.26,0.26
2026-03-22T17:46:34.469,11,70.55,0.00,0.00,0.399,0.003,0.002,0.003,240.64,0.26,0.26
2026-03-22T17:46:37.674,11,57.26,0.00,0.00,0.348,0.002,0.003,0.003,241.12,0.26,0.25
2026-03-22T17:46:40.878,11,54.90,0.00,0.00,0.339,0.002,0.002,0.003,240.82,0.26,0.26
2026-03-22T17:46:44.081,11,54.98,0.00,0.00,0.339,0.003,0.002,0.003,240.77,0.26,0.25
2026-03-22T17:46:47.285,11,55.06,0.00,0.00,0.339,0.003,0.002,0.003,240.65,0.26,0.27
2026-03-22T17:46:50.489,11,53.62,0.00,0.00,0.334,0.002,0.002,0.003,240.67,0.25,0.25
2026-03-22T17:46:53.693,11,54.02,0.00,0.00,0.336,0.002,0.002,0.003,240.45,0.26,0.26
2026-03-22T17:46:56.897,11,59.98,0.00,0.00,0.360,0.002,0.003,0.002,240.61,0.26,0.27
2026-03-22T17:47:00.100,11,98.69,0.00,0.00,0.517,0.003,0.002,0.003,240.72,0.25,0.26
2026-03-22T17:47:03.305,11,235.02,0.00,0.00,1.073,0.003,0.003,0.003,240.62,0.26,0.26
2026-03-22T17:47:06.508,11,238.40,0.00,0.00,1.088,0.002,0.002,0.003,240.39,0.26,0.25
2026-03-22T17:47:09.712,11,241.43,0.00,0.00,1.100,0.003,0.002,0.003,240.67,0.26,0.26
2026-03-22T17:47:12.917,11,239.59,0.00,0.00,1.094,0.003,0.003,0.003,240.39,0.26,0.25
2026-03-22T17:47:16.121,11,239.47,0.00,0.00,1.092,0.002,0.002,0.003,240.61,0.25,0.26
2026-03-22T17:47:19.325,11,238.03,0.00,0.00,1.085,0.003,0.003,0.003,240.85,0.26,0.26
2026-03-22T17:47:22.528,11,241.22,0.00,0.00,1.099,0.002,0.002,0.003,240.59,0.26,0.25
2026-03-22T17:47:25.731,11,240.06,0.00,0.00,1.096,0.002,0.002,0.003,240.10,0.27,0.25
2026-03-22T17:47:28.936,11,242.20,0.00,0.00,1.104,0.003,0.002,0.003,240.40,0.26,0.26
2026-03-22T17:47:32.139,11,240.77,0.00,0.00,1.098,0.002,0.003,0.002,240.37,0.26,0.26
2026-03-22T17:47:35.343,11,245.56,0.00,0.00,1.120,0.002,0.003,0.003,240.32,0.25,0.27
2026-03-22T17:47:38.548,11,243.93,0.00,0.00,1.112,0.003,0.003,0.003,240.41,0.25,0.25
2026-03-22T17:47:41.751,11,242.78,0.00,0.00,1.108,0.002,0.003,0.003,240.54,0.25,0.25
2026-03-22T17:47:44.955,11,243.94,0.00,0.00,1.111,0.002,0.002,0.003,240.44,0.26,0.26
2026-03-22T17:47:48.160,11,245.27,0.00,0.00,1.116,0.002,0.002,0.003,240.41,0.26,0.26
2026-03-22T17:47:51.362,11,244.77,0.00,0.00,1.113,0.002,0.003,0.003,240.51,0.26,0.27
2026-03-22T17:47:54.566,11,243.25,0.00,0.00,1.110,0.003,0.002,0.002,240.18,0.26,0.27
2026-03-22T17:47:57.771,11,246.31,0.00,0.00,1.124,0.002,0.002,0.003,240.26,0.26,0.25
2026-03-22T17:48:00.975,11,244.55,0.00,0.00,1.114,0.002,0.003,0.003,240.18,0.25,0.26
2026-03-22T17:48:04.178,11,247.51,0.00,0.00,1.128,0.002,0.002,0.003,240.16,0.27,0.25
2026-03-22T17:48:07.382,11,243.63,0.00,0.00,1.111,0.002,0.002,0.003,240.22,0.26,0.26
2026-03-22T17:48:10.586,11,246.23,0.00,0.00,1.119,0.002,0.003,0.003,240.27,0.26,0.26
2026-03-22T17:48:13.790,11,246.49,0.00,0.00,1.122,0.002,0.002,0.003,240.61,0.26,0.26
2026-03-22T17:48:16.994,11,244.63,0.00,0.00,1.113,0.002,0.002,0.003,240.66,0.25,0.24
2026-03-22T17:48:20.197,11,247.89,0.00,0.00,1.129,0.002,0.002,0.003,240.38,0.25,0.26
2026-03-22T17:48:23.402,11,229.28,0.00,0.00,1.048,0.002,0.002,0.003,240.73,0.26,0.25
2026-03-22T17:48:26.606,11,220.60,0.00,0.00,1.013,0.002,0.003,0.002,240.23,0.25,0.26
2026-03-22T17:48:29.810,11,70.95,0.00,0.00,0.401,0.003,0.002,0.002,240.40,0.26,0.25
2026-03-22T17:48:33.013,11,60.51,0.00,0.00,0.362,0.002,0.002,0.003,240.65,0.26,0.26
2026-03-22T17:48:36.217,11,55.36,0.00,0.00,0.341,0.002,0.003,0.003,240.90,0.25,0.26
2026-03-22T17:48:39.421,11,54.92,0.00,0.00,0.340,0.003,0.003,0.003,240.79,0.27,0.25
2026-03-22T17:48:42.625,11,55.06,0.00,0.00,0.340,0.002,0.003,0.003,240.80,0.27,0.26
2026-03-22T17:48:45.829,11,54.57,0.00,0.00,0.338,0.002,0.002,0.003,240.09,0.26,0.25
2026-03-22T17:48:49.033,11,54.77,0.00,0.00,0.338,0.003,0.003,0.003,240.67,0.26,0.26
2026-03-22T17:48:52.237,11,58.20,0.00,0.00,0.352,0.003,0.002,0.003,240.27,0.25,0.25
2026-03-22T17:48:55.441,11,97.14,0.00,0.00,0.511,0.002,0.002,0.003,240.49,0.26,0.26
2026-03-22T17:48:58.644,11,88.35,0.00,0.00,0.475,0.002,0.003,0.003,240.55,0.26,0.25
2026-03-22T17:49:01.849,11,129.52,0.00,0.00,0.639,0.003,0.002,0.003,239.88,0.26,0.26
2026-03-22T17:49:05.052,11,143.49,0.00,0.00,0.696,0.002,0.002,0.003,240.06,0.26,0.26
2026-03-22T17:49:08.257,11,143.94,0.00,0.00,0.698,0.002,0.003,0.003,240.28,0.26,0.26
2026-03-22T17:49:11.460,11,144.71,0.00,0.00,0.699,0.002,0.002,0.003,240.58,0.26,0.26
2026-03-22T17:49:14.663,11,144.52,0.00,0.00,0.698,0.003,0.002,0.003,240.45,0.25,0.24
2026-03-22T17:49:17.868,11,143.61,0.00,0.00,0.696,0.003,0.003,0.003,240.24,0.25,0.25
2026-03-22T17:49:21.072,11,145.38,0.00,0.00,0.703,0.003,0.003,0.003,240.09,0.27,0.26
2026-03-22T17:49:24.276,11,144.76,0.00,0.00,0.701,0.003,0.003,0.003,240.41,0.25,0.26
2026-03-22T17:49:27.480,11,143.24,0.00,0.00,0.694,0.002,0.002,0.003,240.11,0.26,0.27
2026-03-22T17:49:30.683,11,145.23,0.00,0.00,0.702,0.003,0.002,0.003,240.60,0.26,0.26
2026-03-22T17:49:33.887,11,144.80,0.00,0.00,0.700,0.003,0.003,0.003,240.30,0.26,0.25
2026-03-22T17:49:37.092,11,148.57,0.00,0.00,0.716,0.002,0.003,0.003,240.23,0.26,0.26
2026-03-22T17:49:40.294,11,145.92,0.00,0.00,0.705,0.002,0.002,0.003,240.19,0.25,0.25
2026-03-22T17:49:43.499,11,143.18,0.00,0.00,0.694,0.002,0.002,0.003,240.25,0.25,0.26
2026-03-22T17:49:46.703,11,144.40,0.00,0.00,0.697,0.002,0.003,0.003,240.30,0.26,0.26
2026-03-22T17:49:49.907,11,144.57,0.00,0.00,0.699,0.003,0.003,0.003,239.84,0.25,0.27
2026-03-22T17:49:53.110,11,143.31,0.00,0.00,0.694,0.002,0.003,0.003,240.26,0.26,0.26
2026-03-22T17:49:56.315,11,141.79,0.00,0.00,0.687,0.002,0.003,0.003,240.43,0.26,0.25
2026-03-22T17:49:59.518,11,132.67,0.00,0.00,0.650,0.003,0.002,0.003,240.64,0.26,0.27
2026-03-22T17:50:02.722,11,145.42,0.00,0.00,0.702,0.003,0.003,0.003,240.50,0.26,0.26
2026-03-22T17:50:05.925,11,136.08,0.00,0.00,0.665,0.003,0.003,0.003,240.21,0.26,0.26
2026-03-22T17:50:09.129,11,144.07,0.00,0.00,0.696,0.003,0.002,0.003,240.12,0.25,0.26
2026-03-22T17:50:12.334,11,143.85,0.00,0.00,0.695,0.002,0.003,0.003,240.71,0.26,0.26
2026-03-22T17:50:15.537,11,144.99,0.00,0.00,0.699,0.002,0.003,0.003,240.56,0.26,0.25
2026-03-22T17:50:18.741,11,119.71,0.00,0.00,0.593,0.002,0.003,0.003,240.38,0.27,0.25
2026-03-22T17:50:21.946,11,121.87,0.00,0.00,0.602,0.002,0.002,0.002,240.24,0.25,0.27
2026-03-22T17:50:25.149,11,73.47,0.00,0.00,0.412,0.002,0.003,0.003,240.52,0.26,0.27
2026-03-22T17:50:28.353,11,57.16,0.00,0.00,0.348,0.003,0.003,0.003,240.59,0.26,0.27
2026-03-22T17:50:31.557,11,53.05,0.00,0.00,0.331,0.002,0.002,0.003,241.01,0.25,0.26
2026-03-22T17:50:34.761,11,52.47,0.00,0.00,0.330,0.002,0.002,0.003,240.85,0.26,0.26
2026-03-22T17:50:37.964,11,52.62,0.00,0.00,0.330,0.003,0.002,0.003,240.70,0.26,0.26
2026-03-22T17:50:41.168,11,54.28,0.00,0.00,0.337,0.002,0.002,0.003,240.39,0.26,0.26
2026-03-22T17:50:44.372,11,52.65,0.00,0.00,0.330,0.003,0.002,0.003,240.77,0.26,0.26
2026-03-22T17:50:47.576,11,77.81,0.00,0.00,0.427,0.002,0.002,0.003,241.07,0.26,0.26
2026-03-22T17:50:50.781,11,263.86,0.00,0.00,1.201,0.003,0.003,0.003,240.89,0.26,0.25
2026-03-22T17:50:53.985,11,317.06,0.00,0.00,1.416,0.002,0.003,0.003,240.79,0.26,0.26
2026-03-22T17:50:57.189,11,272.29,0.00,0.00,1.226,0.002,0.003,0.003,240.87,0.26,0.26
2026-03-22T17:51:00.391,11,334.40,0.00,0.00,1.485,0.003,0.003,0.003,240.87,0.25,0.27
2026-03-22T17:51:03.596,11,279.09,0.00,0.00,1.254,0.003,0.003,0.003,241.18,0.26,0.25
2026-03-22T17:51:06.799,11,332.20,0.00,0.00,1.476,0.002,0.003,0.003,240.78,0.27,0.26
2026-03-22T17:51:10.003,11,301.44,0.00,0.00,1.354,0.002,0.003,0.003,240.60,0.25,0.26
2026-03-22T17:51:13.208,11,310.27,0.00,0.00,1.394,0.002,0.002,0.002,240.28,0.26,0.26
2026-03-22T17:51:16.411,11,320.41,0.00,0.00,1.432,0.003,0.003,0.003,240.55,0.26,0.27
2026-03-22T17:51:19.615,11,297.54,0.00,0.00,1.340,0.002,0.003,0.003,240.62,0.27,0.26
2026-03-22T17:51:22.820,11,340.86,0.00,0.00,1.514,0.003,0.003,0.002,240.19,0.25,0.26
2026-03-22T17:51:26.022,11,281.10,0.00,0.00,1.265,0.002,0.003,0.003,240.49,0.25,0.25
2026-03-22T17:51:29.226,11,343.46,0.00,0.00,1.524,0.002,0.002,0.003,240.30,0.25,0.26
2026-03-22T17:51:32.430,11,284.31,0.00,0.00,1.279,0.002,0.003,0.003,240.64,0.26,0.27
2026-03-22T17:51:35.635,11,350.31,0.00,0.00,1.555,0.002,0.003,0.003,240.09,0.25,0.26
2026-03-22T17:51:38.839,11,287.27,0.00,0.00,1.290,0.003,0.002,0.003,240.54,0.26,0.25
2026-03-22T17:51:42.042,11,351.48,0.00,0.00,1.563,0.003,0.003,0.003,240.00,0.25,0.25
2026-03-22T17:51:45.247,11,289.38,0.00,0.00,1.302,0.002,0.002,0.003,240.32,0.26,0.26
2026-03-22T17:51:48.450,11,355.89,0.00,0.00,1.578,0.003,0.002,0.003,240.21,0.25,0.26
2026-03-22T17:51:51.655,11,293.45,0.00,0.00,1.319,0.003,0.002,0.003,239.97,0.27,0.25
2026-03-22T17:51:54.859,11,356.97,0.00,0.00,1.585,0.003,0.002,0.002,239.92,0.26,0.26
2026-03-22T17:51:58.061,11,295.91,0.00,0.00,1.328,0.002,0.003,0.003,240.46,0.26,0.26
2026-03-22T17:52:01.265,11,360.63,0.00,0.00,1.597,0.002,0.003,0.003,240.56,0.25,0.27
2026-03-22T17:52:04.469,11,297.65,0.00,0.00,1.334,0.003,0.002,0.003,240.44,0.25,0.27
2026-03-22T17:52:07.673,11,360.69,0.00,0.00,1.597,0.003,0.002,0.003,240.52,0.26,0.27
2026-03-22T17:52:10.877,11,300.65,0.00,0.00,1.348,0.003,0.002,0.003,240.41,0.27,0.26
2026-03-22T17:52:14.081,11,362.25,0.00,0.00,1.604,0.003,0.003,0.003,240.38,0.26,0.25
2026-03-22T17:52:17.286,11,146.86,0.00,0.00,0.707,0.002,0.003,0.003,240.63,0.26,0.25
2026-03-22T17:52:20.489,11,82.83,0.00,0.00,0.448,0.003,0.002,0.003,240.40,0.26,0.26
2026-03-22T17:52:23.692,11,62.38,0.00,0.00,0.369,0.002,0.003,0.003,240.49,0.26,0.26
2026-03-22T17:52:26.896,11,60.83,0.00,0.00,0.363,0.003,0.002,0.003,240.63,0.26,0.25
2026-03-22T17:52:30.100,11,60.62,0.00,0.00,0.362,0.002,0.002,0.003,240.72,0.26,0.26
2026-03-22T17:52:33.304,11,61.46,0.00,0.00,0.365,0.003,0.003,0.003,240.76,0.26,0.26
2026-03-22T17:52:36.508,11,60.20,0.00,0.00,0.360,0.003,0.002,0.003,240.70,0.24,0.26
2026-03-22T17:52:39.712,11,58.33,0.00,0.00,0.353,0.003,0.002,0.003,240.54,0.25,0.26
