timestamp,cpu_pct,iowait_pct,rapl_package_w,rapl_core_w,rapl_dram_w,gpu_power_w,gpu_temp_c,gpu_util_pct,io_read_kbs,io_write_kbs,mem_used_pct,cpu0_mhz,cpu1_mhz,cpu2_mhz,cpu3_mhz,cpu4_mhz,cpu5_mhz,cpu6_mhz,cpu7_mhz,cpu8_mhz,cpu9_mhz,cpu10_mhz,cpu11_mhz,cpu12_mhz,cpu13_mhz,cpu14_mhz,cpu15_mhz
2026-02-10T12:22:09.756,5.7,0.0,8.69,3.28,0.00,11.98,27,22,0.0,0.0,12.1,1026,3859,1709,1417,955,1905,1270,948,1804,2875,979,1161,1097,915,1387,1311
2026-02-10T12:22:11.101,6.8,0.0,6.39,1.44,0.00,11.90,27,29,0.0,0.0,11.9,4173,2975,1501,895,900,900,898,900,900,901,900,900,900,1829,897,900
2026-02-10T12:22:12.449,3.7,0.0,6.08,1.38,0.00,11.84,27,5,0.0,0.0,11.9,4681,1393,900,901,900,900,1432,1314,900,900,900,3651,900,1343,899,900
2026-02-10T12:22:13.793,2.7,0.0,4.53,1.08,0.00,11.44,27,7,0.0,0.0,11.9,4277,1735,1093,900,1702,900,2299,1308,900,900,901,895,900,898,900,900
2026-02-10T12:22:15.129,3.0,0.0,4.63,0.95,0.00,11.51,27,9,0.0,99.0,11.9,1344,1920,1592,901,1071,900,2335,901,900,900,901,900,900,900,953,900
2026-02-10T12:22:16.485,3.3,0.0,4.69,0.96,0.00,11.42,27,5,0.0,30.1,11.9,4523,1579,904,901,900,4900,4103,900,877,900,901,900,900,900,898,900
2026-02-10T12:22:17.853,2.8,0.0,4.84,1.24,0.00,11.47,27,7,0.0,0.0,11.9,3914,3543,1114,900,900,898,900,898,897,900,900,900,900,900,900,900
2026-02-10T12:22:19.221,3.2,0.0,6.37,1.07,0.00,11.31,27,8,0.0,8.7,11.9,3423,998,3441,949,891,900,899,898,900,1396,901,900,897,891,891,900
2026-02-10T12:22:20.573,3.1,0.0,4.59,1.10,0.00,11.41,27,7,0.0,0.0,11.9,3777,1274,4351,901,895,900,900,900,900,1367,900,900,900,900,1395,900
2026-02-10T12:22:21.893,2.5,0.0,4.85,1.30,0.00,11.17,27,7,0.0,12.1,11.9,4377,1640,901,900,897,896,895,901,900,900,900,898,900,900,899,3215
2026-02-10T12:22:23.257,3.1,0.0,4.75,1.10,0.00,11.42,27,9,0.0,230.5,12.0,3103,4331,1587,3924,935,1168,2981,905,1389,1625,4624,951,1403,4326,1531,900
2026-02-10T12:22:24.545,8.1,0.0,7.60,3.26,0.00,11.75,27,25,0.0,0.0,12.1,3856,1042,1757,2615,2246,1144,1054,1436,1373,965,942,999,1036,900,1023,1400
2026-02-10T12:22:25.837,7.5,0.0,7.42,1.62,0.00,11.71,27,21,0.0,18.7,12.0,2890,1045,900,890,1292,2327,900,897,1128,1039,900,900,901,900,900,1003
2026-02-10T12:22:27.185,4.5,0.0,4.97,1.00,0.00,11.61,27,11,0.0,0.0,11.9,2776,1282,1794,899,900,1551,900,896,900,3512,900,1149,900,896,1213,896
2026-02-10T12:22:28.477,2.7,0.0,4.55,1.01,0.00,11.15,27,8,0.0,6.2,11.9,4900,1463,900,900,900,893,898,901,900,4044,900,900,900,900,900,899
2026-02-10T12:22:29.841,2.9,0.1,4.72,1.12,0.00,11.40,27,9,0.0,142.4,11.9,2447,2623,901,897,900,900,899,901,900,1214,900,898,3271,900,1053,900
2026-02-10T12:22:31.201,3.2,0.0,4.76,1.17,0.00,11.55,27,7,0.0,0.0,11.9,2840,3541,1682,901,900,900,896,1290,1419,900,895,887,900,900,1178,894
2026-02-10T12:22:32.521,2.6,0.0,4.61,1.16,0.00,11.55,27,7,0.0,0.0,11.9,2479,1413,900,900,901,898,887,898,1261,3925,900,895,900,900,900,900
2026-02-10T12:22:33.869,2.4,0.1,4.96,1.01,0.00,11.43,27,5,0.0,298.3,11.9,1831,2500,912,900,900,897,900,900,1143,1312,900,896,3740,893,1263,1093
2026-02-10T12:22:35.173,3.9,0.0,4.85,1.23,0.00,11.43,27,9,0.0,0.0,11.9,3003,2165,1028,889,900,900,900,900,901,900,4162,900,900,900,900,900
2026-02-10T12:22:36.517,3.0,0.0,4.46,1.03,0.00,11.40,27,7,0.0,0.0,11.9,3973,1077,900,895,900,900,894,1388,900,1350,3709,883,957,900,895,900
2026-02-10T12:22:37.880,2.6,0.0,4.58,1.11,0.00,11.36,27,7,0.0,0.0,11.9,4236,1164,900,3594,899,900,900,900,900,900,896,900,900,900,1449,900
2026-02-10T12:22:39.225,7.1,0.1,6.91,2.58,0.00,11.69,27,21,0.0,109.1,12.1,4848,1277,1162,899,2875,1029,942,1026,900,1374,1202,914,960,904,1147,1131
2026-02-10T12:22:40.577,7.3,0.0,5.84,1.62,0.00,11.68,27,20,0.0,2.9,12.2,1126,2058,4720,1415,2135,915,1015,1150,1142,1211,1437,955,900,2805,1324,1192
2026-02-10T12:22:41.849,5.3,0.0,4.98,1.15,0.00,11.79,27,14,0.0,0.0,11.9,4610,927,900,3833,900,900,2266,1615,907,1377,901,900,824,900,896,892
2026-02-10T12:22:43.201,3.4,0.0,6.17,1.25,0.00,11.30,27,7,0.0,0.0,11.9,4248,1428,901,4357,900,900,900,900,900,900,1586,901,900,900,1181,900
2026-02-10T12:22:44.528,4.1,0.0,5.20,1.21,0.00,11.07,27,5,0.0,51.3,11.9,4101,1482,903,900,4177,900,900,900,894,900,901,900,901,900,900,896
2026-02-10T12:22:45.889,3.8,0.0,4.72,1.11,0.00,11.47,27,12,0.0,0.0,11.9,2434,3782,973,906,901,3712,900,900,1340,900,900,1712,1229,901,900,900
2026-02-10T12:22:47.221,4.3,0.0,6.23,2.58,0.00,11.20,27,7,0.0,113.6,11.9,4140,1787,900,900,881,894,2556,900,900,900,900,900,900,900,900,900
2026-02-10T12:22:48.593,3.4,0.0,4.31,0.89,0.00,11.51,27,5,0.0,0.0,11.9,2041,1137,900,900,900,900,898,899,900,900,1033,978,901,900,3199,893
2026-02-10T12:22:49.917,4.1,0.0,4.58,0.87,0.00,11.60,27,12,0.0,21.2,11.9,3620,1704,1289,979,898,1250,978,990,900,900,900,899,1268,898,900,3913
2026-02-10T12:22:51.261,2.8,0.0,4.46,1.10,0.00,11.21,27,5,0.0,0.0,11.9,2107,1346,2402,1089,900,900,900,900,1134,900,900,1126,900,898,900,1173
2026-02-10T12:22:52.613,2.9,0.0,4.33,0.95,0.00,11.14,27,7,0.0,0.0,11.9,4587,1676,900,896,901,900,900,900,900,900,2548,900,900,900,900,898
2026-02-10T12:22:53.985,6.2,0.0,6.85,2.43,0.00,11.65,27,21,0.0,146.9,12.1,3051,1229,919,1511,901,928,1333,1266,1639,1087,900,3064,1011,907,1306,1441
2026-02-10T12:22:55.261,7.6,0.0,8.11,1.56,0.00,11.71,27,22,0.0,0.0,12.2,2826,3484,1556,916,1263,1407,924,1795,982,900,2911,900,1122,990,1179,900
2026-02-10T12:22:56.593,6.9,0.0,6.11,1.41,0.00,11.93,27,17,0.0,0.0,11.9,2651,3573,931,892,900,900,897,900,900,900,900,895,900,900,2524,895
2026-02-10T12:22:57.953,4.1,0.0,4.40,0.91,0.00,11.41,27,5,0.0,0.0,11.9,4261,1329,900,896,900,900,900,901,900,901,900,899,900,900,898,3815
2026-02-10T12:22:59.317,3.0,0.1,4.70,1.08,0.00,11.30,27,5,0.0,138.7,11.9,4201,1594,900,900,901,899,1313,3748,900,900,900,894,900,900,900,900
2026-02-10T12:23:00.685,3.6,0.0,4.60,1.09,0.00,11.49,27,7,0.0,0.0,11.9,4251,1211,900,881,900,1278,900,900,1508,900,900,896,900,900,3943,898
2026-02-10T12:23:02.033,3.3,0.0,4.66,1.13,0.00,11.42,27,7,0.0,0.0,11.9,4435,1405,908,900,900,900,898,900,900,1229,900,898,3877,1526,892,900
2026-02-10T12:23:03.353,2.6,0.0,4.57,1.15,0.00,11.39,27,5,0.0,0.0,11.9,3323,3330,1327,900,900,900,898,900,900,901,4042,894,900,901,901,900
2026-02-10T12:23:04.705,2.9,0.1,5.03,1.02,0.00,11.55,27,13,0.0,128.8,11.9,3386,1602,913,899,900,1603,898,900,900,900,900,900,901,898,900,3707
2026-02-10T12:23:06.073,3.1,0.0,6.32,1.11,0.00,11.38,27,5,0.0,0.0,11.9,1877,990,895,900,900,900,900,900,900,900,4146,886,900,901,898,900
2026-02-10T12:23:07.441,2.5,0.0,4.44,1.03,0.00,11.35,27,7,0.0,0.0,11.9,2379,1056,898,900,900,1325,899,3266,900,901,891,900,900,901,900,900
2026-02-10T12:23:08.805,4.3,0.0,6.38,2.60,0.00,11.70,27,24,0.0,68.6,12.1,1370,4900,1369,1414,1156,1715,1710,899,1296,1101,2698,1133,1152,900,1177,1690
2026-02-10T12:23:10.061,7.3,0.0,5.69,1.63,0.00,11.97,27,21,0.0,0.0,12.2,1610,1040,903,929,890,1383,2513,1181,907,1130,1182,912,1374,1399,898,1370
2026-02-10T12:23:11.417,6.6,0.0,5.40,1.39,0.00,11.73,27,23,0.0,0.0,12.0,1064,1797,1008,895,898,900,1138,1288,1053,930,900,900,900,1452,900,2083
2026-02-10T12:23:12.757,4.3,0.0,5.14,1.26,0.00,11.87,27,10,0.0,6.2,11.9,4566,1866,940,896,1654,901,899,900,899,4307,900,900,901,900,901,900
2026-02-10T12:23:14.101,2.9,0.1,5.06,1.10,0.00,11.37,27,7,0.0,160.3,11.9,3857,1625,900,900,900,900,898,900,900,900,900,900,901,900,887,3835
2026-02-10T12:23:15.469,3.1,0.0,4.55,1.06,0.00,11.61,27,7,0.0,0.0,11.9,1409,3422,1340,914,900,899,900,897,900,896,901,893,900,900,896,893
2026-02-10T12:23:16.812,4.0,0.0,5.65,1.01,0.00,11.65,27,5,0.0,0.0,11.9,2038,4024,924,896,2901,900,895,900,900,900,900,900,901,900,900,3205
2026-02-10T12:23:18.141,3.1,0.0,6.72,0.98,0.00,11.38,27,5,0.0,0.0,11.9,1695,910,900,900,900,3819,893,900,900,900,900,900,900,900,900,900
2026-02-10T12:23:19.505,3.4,0.1,5.03,0.88,0.00,11.37,27,10,0.0,202.5,11.9,3285,1315,899,900,900,900,900,901,900,900,1179,890,901,1103,3569,900
2026-02-10T12:23:20.857,3.6,0.0,4.82,1.06,0.00,11.55,27,5,0.0,14.8,11.9,4703,1591,3817,898,900,900,900,900,898,897,901,900,900,900,1291,900
2026-02-10T12:23:22.221,3.1,0.0,4.38,1.01,0.00,11.55,27,7,0.0,0.0,12.0,4486,959,900,900,886,900,900,900,900,900,901,900,4311,900,900,898
2026-02-10T12:23:23.581,2.9,0.0,4.78,1.24,0.00,11.45,27,9,0.0,0.0,12.0,4101,2122,4221,896,900,901,900,900,899,4121,3763,1228,2144,1003,1716,1165
2026-02-10T12:23:24.949,7.1,0.1,7.43,2.87,0.00,11.62,27,24,0.0,213.1,12.2,3654,2132,1337,3695,900,967,900,1390,902,1133,900,1517,910,1211,902,1418
2026-02-10T12:23:26.277,7.4,0.0,5.69,1.68,0.00,11.65,27,20,0.0,0.0,12.2,2315,996,900,2762,898,896,900,900,900,900,900,900,894,900,900,899
2026-02-10T12:23:27.665,4.7,0.0,5.37,1.14,0.00,11.58,27,8,0.0,0.0,12.0,1436,3893,4645,1744,893,1759,1472,900,900,900,1406,900,901,900,900,900
2026-02-10T12:23:28.993,2.6,0.0,5.84,1.11,0.00,11.20,27,5,0.0,0.0,11.9,3930,3184,1627,900,896,900,900,900,900,900,900,900,900,900,900,900
2026-02-10T12:23:30.361,2.7,0.0,4.88,1.05,0.00,11.32,27,7,0.0,117.3,11.9,2997,1208,900,896,882,900,900,900,900,900,901,3484,900,900,900,894
2026-02-10T12:23:31.729,3.2,0.0,4.90,1.14,0.00,11.48,27,5,0.0,20.4,12.0,4735,1101,1549,899,897,900,900,900,900,4154,900,900,900,900,900,900
2026-02-10T12:23:33.097,2.4,0.0,4.76,1.30,0.00,11.34,27,5,0.0,0.0,12.0,4497,1015,932,900,900,900,900,1306,900,900,901,897,886,900,1048,3807
2026-02-10T12:23:34.429,3.2,0.0,4.44,0.99,0.00,11.31,27,9,0.0,0.0,11.9,3544,1485,1374,900,4107,900,1203,900,896,900,1429,900,901,898,900,893
2026-02-10T12:23:35.789,4.3,0.0,4.97,1.31,0.00,11.30,27,7,0.0,0.0,11.9,2883,1050,900,900,896,1920,3595,900,895,895,898,900,899,900,900,901
2026-02-10T12:23:37.161,2.7,0.0,5.48,0.99,0.00,11.52,27,7,0.0,2.9,11.9,2552,966,900,900,1423,2128,2453,899,900,900,900,1129,900,900,900,900
2026-02-10T12:23:38.493,3.2,0.0,6.81,1.00,0.00,11.72,27,11,0.0,21.5,12.0,4185,1822,4312,912,918,895,900,900,900,898,900,900,901,900,900,899
2026-02-10T12:23:39.861,7.1,0.1,7.60,3.07,0.00,11.85,27,18,0.0,121.5,12.2,3591,2948,1357,1374,1453,964,1122,1028,1124,1066,1351,900,1094,1195,1476,901
2026-02-10T12:23:41.209,7.4,0.0,5.72,1.73,0.00,12.06,27,20,0.0,0.0,12.2,1056,2697,4427,1709,1523,958,899,1376,900,900,898,1152,1237,900,900,1157
2026-02-10T12:23:42.513,5.6,0.0,5.19,1.23,0.00,11.83,27,13,0.0,6.3,12.0,3982,4755,1704,900,1652,900,1983,900,900,897,900,900,901,900,3717,898
2026-02-10T12:23:43.861,2.9,0.0,4.88,1.25,0.00,11.46,27,7,0.0,27.1,12.0,4807,3843,1058,900,900,874,900,900,900,901,900,1205,900,3740,900,899
2026-02-10T12:23:45.189,2.2,0.1,4.94,1.11,0.00,11.41,27,7,0.0,99.5,12.0,2310,2190,901,1596,900,1947,900,900,895,901,900,900,900,900,896,899
2026-02-10T12:23:46.533,3.3,0.0,4.49,0.89,0.00,11.51,27,7,0.0,0.0,12.0,4681,1283,2839,890,901,900,897,900,900,901,1641,4733,4891,4765,3849,956
2026-02-10T12:23:47.897,2.8,0.0,5.89,2.38,0.00,11.42,27,5,0.0,0.0,12.0,2125,3764,1118,898,1526,900,900,1170,900,900,900,892,900,900,2378,900
2026-02-10T12:23:49.229,2.6,0.1,6.26,0.86,0.00,11.28,27,7,0.0,42.4,12.0,4499,1200,904,3654,900,897,900,1260,1349,900,900,901,900,900,900,896
2026-02-10T12:23:50.569,3.6,0.0,5.79,1.06,0.00,11.41,27,7,0.0,0.0,12.0,4784,1581,907,896,900,4105,900,900,900,900,900,900,900,900,900,900
2026-02-10T12:23:51.933,2.6,0.0,5.12,1.08,0.00,11.36,27,5,0.0,0.0,12.0,4175,4340,2663,912,900,896,900,900,901,900,900,900,900,900,900,900
2026-02-10T12:23:53.293,2.2,0.0,4.34,1.03,0.00,11.32,27,5,0.0,0.0,12.0,3201,2900,1472,892,900,901,892,900,895,900,900,900,900,900,900,893
2026-02-10T12:23:54.665,6.6,0.1,6.96,2.73,0.00,11.83,27,20,0.0,120.0,12.2,4573,1408,1096,1180,960,1754,2697,986,1428,995,1027,897,1496,928,1301,977
2026-02-10T12:23:56.056,8.0,0.0,5.69,1.61,0.00,11.90,27,19,0.0,0.0,12.2,1400,2618,2695,1171,2808,896,1247,892,1389,913,1055,1458,895,1180,1034,1051
2026-02-10T12:23:57.361,6.7,0.0,5.21,1.29,0.00,11.90,27,15,0.0,0.0,12.0,4244,1558,901,900,898,900,896,900,900,900,901,900,3613,901,900,896
2026-02-10T12:23:58.733,3.8,0.0,5.56,1.13,0.00,11.42,27,7,0.0,0.0,12.0,4627,1349,900,896,891,900,895,899,898,4147,1275,900,900,900,900,901
2026-02-10T12:24:00.097,3.1,0.1,6.57,1.05,0.00,11.59,27,7,0.0,146.4,12.0,3179,3151,1248,900,893,1692,4225,900,1276,900,900,1240,900,900,900,901
2026-02-10T12:24:01.385,3.8,0.0,4.96,1.26,0.00,11.53,27,7,0.0,0.0,12.0,3373,1192,997,1121,2120,900,900,4006,900,900,900,900,1249,900,900,901
2026-02-10T12:24:02.713,3.2,0.0,4.54,1.14,0.00,11.51,27,7,0.0,0.0,12.0,4196,2667,2147,1020,1802,900,4003,895,900,900,900,900,900,900,901,900
2026-02-10T12:24:04.037,2.8,0.0,4.65,1.16,0.00,11.53,27,5,0.0,21.3,12.0,3521,1385,898,895,897,901,897,900,900,893,900,901,900,2760,898,900
2026-02-10T12:24:05.413,3.4,0.0,4.60,1.00,0.00,11.44,27,14,0.0,0.0,12.0,4185,1006,909,899,913,3441,970,899,897,900,901,900,900,901,900,900
2026-02-10T12:24:06.785,3.6,0.0,5.13,1.56,0.00,11.52,27,7,0.0,0.0,12.0,3865,929,990,960,892,901,898,900,895,900,900,900,900,4111,900,901
2026-02-10T12:24:08.153,3.1,0.0,4.48,1.08,0.00,11.48,27,7,0.0,0.0,12.0,4104,1039,896,900,3852,900,900,900,900,900,900,900,900,898,895,900
2026-02-10T12:24:09.529,5.7,0.1,8.46,2.57,0.00,11.56,27,18,0.0,139.7,12.2,3529,2555,3901,1456,896,1580,1097,2375,913,1373,925,1523,3132,1456,898,1105
2026-02-10T12:24:10.829,8.2,0.0,7.82,1.81,0.00,11.92,27,22,0.0,0.0,12.2,1480,998,916,1194,902,1630,3914,914,998,954,1405,1133,1121,1316,1005,1669
2026-02-10T12:24:12.169,7.6,0.0,5.64,1.65,0.00,12.06,27,24,0.0,0.0,12.0,4232,2466,1296,900,900,892,900,1431,896,900,900,901,3790,900,900,900
2026-02-10T12:24:13.505,3.8,0.0,4.68,1.08,0.00,11.53,27,5,0.0,0.0,12.0,2908,1633,900,900,895,933,3861,1496,1091,896,900,900,1339,900,900,900
2026-02-10T12:24:14.869,2.9,0.1,5.15,1.18,0.00,11.41,27,6,0.0,130.8,12.0,4728,1226,950,900,899,900,896,900,900,900,3678,900,900,900,900,900
2026-02-10T12:24:16.233,2.8,0.0,4.55,1.03,0.00,11.17,27,10,0.0,0.0,12.0,2131,2645,2647,3204,1145,897,900,901,895,900,900,900,899,901,900,900
2026-02-10T12:24:17.589,3.4,0.0,4.57,1.05,0.00,11.27,27,7,0.0,0.0,12.0,4331,1220,923,900,4194,1461,898,900,901,900,900,900,900,900,900,900
2026-02-10T12:24:18.933,2.7,0.0,4.58,1.11,0.00,11.37,27,7,0.0,23.8,12.0,4791,1530,900,900,897,901,900,900,900,900,899,900,900,4359,900,895
2026-02-10T12:24:20.293,3.1,0.1,6.34,1.27,0.00,11.52,27,7,0.0,32.3,12.0,4579,1353,900,898,900,900,900,900,893,898,900,900,3494,900,899,900
2026-02-10T12:24:21.669,3.0,0.0,5.42,1.11,0.00,11.40,27,5,0.0,0.0,12.0,4900,951,3660,894,1204,1727,899,1473,900,900,1295,900,901,901,891,900
2026-02-10T12:24:22.989,2.4,0.0,4.38,1.03,0.00,11.39,27,5,0.0,0.0,12.0,4713,1110,900,900,900,900,3898,901,900,900,900,900,899,900,900,900
2026-02-10T12:24:24.353,3.9,0.1,6.23,2.44,0.00,11.54,27,15,0.0,137.0,12.2,2680,1256,909,1052,1733,904,1214,2371,906,1012,1000,969,915,1009,1034,3370
2026-02-10T12:24:25.705,7.7,0.0,5.93,1.90,0.00,11.88,27,27,0.0,0.0,12.2,1602,4301,1523,2487,1655,921,1227,891,900,889,941,1081,2595,900,1410,1011
2026-02-10T12:24:27.053,7.6,0.0,5.48,1.45,0.00,12.00,27,23,0.0,0.0,12.1,1453,4209,1603,1005,901,898,1397,900,893,897,900,900,900,1198,2255,897
2026-02-10T12:24:28.393,5.3,0.0,4.72,1.06,0.00,11.59,27,8,0.0,0.0,12.0,4797,2495,923,900,900,901,900,900,900,900,900,900,900,2485,900,870
2026-02-10T12:24:29.773,3.4,0.1,4.69,0.94,0.00,11.38,27,7,0.0,151.7,12.0,4127,1245,900,897,2350,901,898,1063,900,900,900,900,895,900,900,896
2026-02-10T12:24:31.145,3.8,0.0,4.80,0.90,0.00,11.38,27,10,0.0,0.0,12.0,2147,1342,1567,1955,2335,963,1438,899,901,1731,900,900,900,900,1216,901
2026-02-10T12:24:32.437,4.2,0.0,5.94,1.00,0.00,11.26,27,5,0.0,0.0,12.0,4228,1589,900,896,900,900,3992,900,900,1238,900,1176,900,900,900,901
2026-02-10T12:24:33.781,3.0,0.0,4.44,1.07,0.00,11.27,27,7,0.0,0.0,12.0,4105,2044,900,898,3148,900,896,900,890,901,900,901,1993,1207,2859,1153
2026-02-10T12:24:35.129,2.8,0.1,5.17,1.31,0.00,11.55,27,9,0.0,134.3,12.0,2371,1781,1756,3794,921,896,900,2692,901,900,900,900,896,900,1033,900
2026-02-10T12:24:36.441,3.4,0.0,4.74,0.97,0.00,11.57,27,5,0.0,0.0,12.0,4358,1294,900,900,3671,900,900,900,898,900,900,900,900,900,900,901
2026-02-10T12:24:37.805,2.7,0.0,4.41,0.94,0.00,11.46,27,5,0.0,0.0,12.0,3947,4872,1688,900,884,900,899,900,900,901,900,900,893,900,899,901
2026-02-10T12:24:39.173,2.9,0.1,4.62,1.08,0.00,11.37,27,11,0.0,29.3,12.0,3967,1522,900,900,900,900,900,895,880,1353,3925,4307,4629,3676,1883,1200
2026-02-10T12:24:40.537,8.3,0.0,7.08,2.98,0.00,11.72,27,19,0.0,0.0,12.2,4323,1082,973,898,921,1374,2354,1229,2037,1471,972,1227,2473,1276,936,921
2026-02-10T12:24:41.857,8.4,0.0,7.05,1.67,0.00,11.78,27,21,0.0,0.0,12.3,2257,2605,1165,888,900,900,900,956,973,1371,897,900,897,900,895,994
2026-02-10T12:24:43.197,4.8,0.0,5.28,0.92,0.00,11.81,27,11,0.0,0.0,12.0,4119,2090,4530,2626,900,1827,900,892,900,900,900,1342,900,900,900,900
2026-02-10T12:24:44.525,2.3,0.1,5.13,1.47,0.00,11.49,27,5,0.0,150.9,12.0,3774,1328,4888,940,900,900,900,900,900,890,900,892,901,900,900,1015
2026-02-10T12:24:45.877,3.0,0.0,4.51,0.98,0.00,11.35,27,5,0.0,0.0,12.0,1673,1505,915,900,900,887,4065,900,899,900,900,896,900,1169,894,900
2026-02-10T12:24:47.225,4.6,0.0,6.27,2.65,0.00,11.39,27,5,0.0,0.0,12.0,2923,1744,1323,900,1491,900,900,900,900,3894,895,900,900,900,895,900
2026-02-10T12:24:48.557,2.7,0.0,4.36,0.99,0.00,11.53,27,7,0.0,0.0,12.0,3680,1501,898,900,900,900,900,900,3940,1298,900,900,900,900,900,892
2026-02-10T12:24:49.901,3.2,0.1,4.83,0.99,0.00,11.58,27,5,0.0,142.9,12.0,3310,1381,4201,1902,899,900,899,900,900,899,900,900,897,900,899,900
2026-02-10T12:24:51.269,4.7,0.0,4.86,1.16,0.00,11.48,27,7,0.0,0.0,12.0,3057,1426,895,898,900,900,900,900,900,893,896,1379,900,900,2554,900
2026-02-10T12:24:52.625,3.1,0.0,4.87,1.04,0.00,11.40,27,7,0.0,0.0,12.0,4426,1685,2831,900,899,1567,896,900,900,3941,900,900,900,900,900,900
2026-02-10T12:24:53.957,3.0,0.0,5.88,1.00,0.00,11.38,27,8,0.0,0.0,12.0,4116,2425,1388,894,900,901,900,900,896,900,901,1264,901,1025,900,900
2026-02-10T12:24:55.309,6.4,0.0,6.81,2.63,0.00,11.49,27,12,0.0,30.2,12.2,2041,4431,1055,930,903,1528,900,999,912,2229,900,3041,1228,911,1457,1200
2026-02-10T12:24:56.653,7.5,0.0,5.74,1.58,0.00,11.82,27,21,0.0,101.2,12.2,2272,4297,1880,919,912,911,1255,996,1004,2952,2700,927,1323,1129,1288,1645
2026-02-10T12:24:58.021,5.2,0.0,4.99,1.24,0.00,11.84,27,14,0.0,0.0,12.0,4312,1718,900,900,891,900,900,901,900,896,900,3775,900,900,898,900
2026-02-10T12:24:59.393,3.1,0.0,4.73,0.97,0.00,11.48,27,7,0.0,31.6,12.0,1227,4214,1820,900,900,901,900,1376,900,899,3858,900,898,895,900,900
2026-02-10T12:25:00.737,2.5,0.0,4.60,0.94,0.00,11.43,27,7,0.0,0.0,12.0,4180,2598,3377,897,900,900,895,1191,1349,900,901,901,900,900,897,1230
2026-02-10T12:25:02.077,3.1,0.0,5.92,0.97,0.00,11.54,27,9,0.0,0.0,12.0,3449,4569,1244,1001,900,901,894,1383,900,897,900,899,900,3818,899,900
2026-02-10T12:25:03.417,2.9,0.0,5.73,1.09,0.00,11.52,27,7,0.0,0.0,12.0,4076,1267,900,901,900,900,900,1013,905,901,900,3864,997,900,898,900
2026-02-10T12:25:04.785,2.4,0.0,6.75,1.29,0.00,11.67,27,5,0.0,134.6,12.0,4784,1048,870,900,897,900,897,4234,900,900,900,900,899,901,900,896
2026-02-10T12:25:06.153,3.6,0.0,4.60,1.04,0.00,11.74,27,11,0.0,0.0,12.0,4811,3512,1702,900,900,900,897,900,900,901,900,893,897,900,898,900
2026-02-10T12:25:07.521,3.4,0.0,4.70,1.23,0.00,11.45,27,7,0.0,0.0,11.8,3987,2431,902,901,1595,900,898,900,1282,900,1268,896,900,900,900,3598
2026-02-10T12:25:08.833,2.8,0.0,4.41,1.04,0.00,11.28,27,5,0.0,0.0,11.8,4534,4087,1339,900,900,900,899,900,900,901,897,900,900,900,888,901
2026-02-10T12:25:10.201,5.9,0.1,6.57,2.55,0.00,11.72,27,22,0.0,95.5,12.0,1470,3174,1204,2133,1223,900,1400,902,2093,1041,914,920,1302,1156,1142,1067
2026-02-10T12:25:11.477,7.8,0.0,5.82,1.59,0.00,11.88,27,24,0.0,22.9,12.0,3170,1705,1845,896,1075,1177,1026,935,1084,967,1414,1500,3954,902,1456,901
2026-02-10T12:25:12.813,6.3,0.0,5.48,1.57,0.00,11.81,27,15,0.0,0.0,11.8,4526,2141,1823,900,1355,901,2633,900,1051,897,900,898,900,900,900,1318
2026-02-10T12:25:14.161,3.6,0.0,6.55,1.07,0.00,11.48,27,5,0.0,0.0,11.8,3145,1154,900,900,900,900,898,890,899,901,900,900,900,900,900,4296
2026-02-10T12:25:15.529,2.6,0.0,4.84,1.25,0.00,11.33,27,5,0.0,17.6,11.8,3541,1027,1246,900,899,900,900,4024,900,901,899,900,901,900,900,901
2026-02-10T12:25:16.901,3.6,0.0,5.03,1.21,0.00,11.55,27,10,0.0,139.7,11.8,2957,1280,900,912,895,900,898,3592,900,901,900,900,891,900,900,901
2026-02-10T12:25:18.269,3.3,0.0,4.70,1.14,0.00,11.62,27,7,0.0,0.0,11.8,4569,977,900,900,900,900,899,4148,900,900,901,900,900,900,1278,900
2026-02-10T12:25:19.617,3.3,0.0,4.59,1.08,0.00,11.42,27,5,0.0,0.0,11.8,4647,1213,900,900,900,900,1533,900,1318,900,900,900,3685,1021,898,901
2026-02-10T12:25:20.945,3.3,0.0,4.71,1.11,0.00,11.39,27,9,0.0,0.0,11.8,1245,2047,2056,2898,1825,1303,900,900,1446,900,900,893,3760,1112,897,900
2026-02-10T12:25:22.213,3.6,0.0,4.88,1.15,0.00,11.38,27,5,0.0,12.8,11.8,4750,3908,1477,900,900,900,895,900,900,900,900,900,900,900,897,898
2026-02-10T12:25:23.585,3.1,0.0,5.34,1.03,0.00,11.37,27,5,0.0,20.4,11.8,3583,1999,900,900,900,901,900,900,900,887,3359,900,1091,894,898,900
2026-02-10T12:25:24.937,4.3,0.0,7.11,2.31,0.00,11.56,27,15,0.0,118.4,12.0,2994,2426,980,1016,899,1548,900,1558,1274,897,1340,900,1152,3258,900,987
2026-02-10T12:25:26.293,7.5,0.0,6.00,1.93,0.00,11.92,27,19,0.0,0.0,12.0,4477,1321,1854,900,1665,1417,1739,3042,991,1034,904,1252,1012,906,1565,2194
2026-02-10T12:25:27.605,6.8,0.0,5.88,1.88,0.00,12.03,27,23,0.0,0.0,11.9,1614,1678,1294,1283,830,1226,2421,900,901,891,900,900,1002,900,900,1293
2026-02-10T12:25:28.925,4.1,0.0,5.00,1.15,0.00,11.76,27,11,0.0,3.2,11.8,3939,3426,1322,900,900,900,898,900,901,900,900,895,900,900,899,900
2026-02-10T12:25:30.293,2.8,0.1,4.81,1.10,0.00,11.52,27,7,0.0,121.1,11.8,4624,1434,1650,900,900,900,900,901,899,890,900,900,900,900,900,3706
2026-02-10T12:25:31.653,2.6,0.0,4.57,1.09,0.00,11.68,27,7,0.0,0.0,11.8,1283,1324,3078,1247,900,900,900,900,897,898,900,1096,900,900,900,1202
2026-02-10T12:25:33.005,3.5,0.0,4.61,1.05,0.00,11.80,27,5,0.0,0.0,11.8,3988,1286,4212,896,900,900,898,900,895,898,1446,900,900,900,900,900
2026-02-10T12:25:34.353,2.9,0.0,6.27,1.11,0.00,11.70,27,7,0.0,53.1,11.8,2598,2920,1219,900,900,896,900,900,894,900,900,2280,1270,900,900,1049
2026-02-10T12:25:35.705,2.8,0.0,6.68,1.10,0.00,11.64,27,7,0.0,0.0,11.8,4421,2808,1508,1807,900,3735,1426,900,1426,900,1290,1511,900,900,896,900
2026-02-10T12:25:36.985,3.6,0.0,6.04,1.11,0.00,11.66,27,5,0.0,0.0,11.8,3076,1670,900,900,900,900,1406,900,888,900,894,900,900,3982,900,900
2026-02-10T12:25:38.329,2.4,0.0,4.65,1.00,0.00,11.60,27,5,0.0,105.5,11.8,1309,2267,1313,1445,1626,2393,3222,904,901,900,3556,900,900,940,900,1187
2026-02-10T12:25:39.593,2.9,0.0,4.92,1.08,0.00,11.63,27,11,0.0,48.2,11.8,4009,1391,4057,900,900,900,900,900,900,900,900,900,900,895,900,1074
2026-02-10T12:25:40.945,7.1,0.0,6.48,2.50,0.00,12.04,27,22,0.0,0.0,12.0,2477,3417,1251,1575,2025,2901,1232,900,1579,896,1450,926,1174,997,905,1155
2026-02-10T12:25:42.281,7.0,0.0,5.59,1.55,0.00,12.09,27,20,0.0,0.0,12.1,4353,1065,1035,1975,2551,3288,898,900,900,900,1122,899,1307,900,896,1750
2026-02-10T12:25:43.569,4.9,0.0,5.01,1.19,0.00,12.08,27,6,0.0,0.0,11.9,3195,4267,3801,987,1637,900,900,900,900,1791,900,900,901,1227,898,900
2026-02-10T12:25:44.901,3.0,0.2,5.39,1.12,0.00,11.48,27,5,0.0,180.5,11.8,1602,3983,1573,900,894,1679,900,3849,900,900,900,900,900,900,900,1110
2026-02-10T12:25:46.245,2.6,0.0,6.81,1.07,0.00,11.55,27,7,0.0,0.0,11.8,3423,1405,895,900,3081,900,1103,901,900,1085,900,900,901,900,900,900
2026-02-10T12:25:47.593,3.7,0.0,6.69,2.33,0.00,11.63,27,9,0.0,6.0,11.8,4122,1806,897,898,896,900,900,901,900,900,900,901,900,900,4018,900
2026-02-10T12:25:48.961,2.8,0.0,4.68,1.15,0.00,11.69,27,5,0.0,0.0,11.8,1721,937,4522,1307,898,1316,3496,900,1259,900,900,900,901,900,900,898
2026-02-10T12:25:50.249,2.6,0.1,4.57,0.92,0.00,11.71,27,7,0.0,139.6,11.8,4645,980,900,897,897,3213,900,900,900,900,900,900,895,900,900,900
2026-02-10T12:25:51.617,3.6,0.0,4.62,0.96,0.00,11.88,27,11,0.0,0.0,11.8,2856,2655,1005,895,900,900,900,900,900,900,1272,1211,900,900,1186,900
2026-02-10T12:25:52.973,2.8,0.0,4.40,0.99,0.00,11.73,27,5,0.0,0.0,11.8,3603,1713,1877,2152,899,1251,1844,900,896,901,900,901,901,1111,900,901
2026-02-10T12:25:54.297,2.6,0.1,4.45,1.04,0.00,11.83,27,7,0.0,18.7,11.8,4233,1385,887,899,900,900,900,901,891,901,905,901,900,900,3256,899
2026-02-10T12:25:55.673,5.7,0.0,8.39,2.71,0.00,12.07,27,18,0.0,31.9,12.0,2464,2036,4183,1493,2519,3456,899,1073,1448,914,1442,958,1207,914,1269,1282
2026-02-10T12:25:56.969,6.5,0.0,8.27,1.66,0.00,12.15,27,23,0.0,0.0,12.1,2832,2208,2822,1143,905,1130,1180,2099,965,1574,1458,910,910,999,918,1352
2026-02-10T12:25:58.285,5.7,0.0,5.30,1.46,0.00,12.05,27,15,0.0,0.0,11.9,4058,3817,1042,900,900,900,900,898,897,1650,894,900,893,896,899,1032
2026-02-10T12:25:59.641,3.5,0.1,4.89,1.16,0.00,11.54,27,5,0.0,140.9,11.9,2895,1026,900,900,900,1408,3614,900,900,900,900,900,1234,900,893,900
2026-02-10T12:26:00.973,2.8,0.0,4.46,1.06,0.00,11.56,27,5,0.0,0.0,11.9,2619,1257,893,900,1168,1181,1114,1427,895,900,900,896,993,901,2365,900
2026-02-10T12:26:02.325,3.6,0.0,4.53,0.94,0.00,11.56,27,10,0.0,0.0,11.9,4837,917,899,1207,900,900,897,900,900,2421,895,894,894,900,900,900
2026-02-10T12:26:03.705,2.9,0.0,4.66,1.07,0.00,11.72,27,5,0.0,0.0,11.9,2257,3907,989,2577,900,900,897,900,900,898,900,900,900,900,900,900
2026-02-10T12:26:05.061,2.8,0.1,5.86,0.88,0.00,11.49,27,7,0.0,211.3,11.8,2622,3377,1187,893,900,900,900,898,900,898,900,895,901,900,900,900
2026-02-10T12:26:06.429,3.2,0.0,5.07,1.38,0.00,11.69,27,11,0.0,0.0,11.9,4425,1704,900,2055,900,900,899,897,1471,897,900,4065,900,900,896,900
2026-02-10T12:26:07.753,2.9,0.0,5.67,1.08,0.00,11.55,27,7,0.0,0.0,11.8,3171,2775,3768,3402,1722,1657,900,1545,900,900,900,900,1020,1144,899,900
2026-02-10T12:26:09.041,2.4,0.0,6.65,1.03,0.00,11.70,27,5,0.0,0.0,11.8,3500,1695,894,901,1460,900,900,895,900,900,2742,900,900,1076,900,900
2026-02-10T12:26:10.409,4.1,0.1,6.52,2.53,0.00,11.75,27,21,0.0,23.7,12.1,2371,1106,900,1206,903,1111,898,1163,1544,899,1072,2602,1145,930,1447,982
2026-02-10T12:26:11.761,7.2,0.0,5.75,1.59,0.00,11.87,27,22,0.0,170.9,12.1,1146,1963,1326,989,1419,1087,1009,981,1275,1242,1924,900,1814,1034,900,1220
2026-02-10T12:26:13.088,7.2,0.0,5.13,1.18,0.00,12.04,27,24,0.0,0.0,11.9,1971,3149,1143,900,900,899,896,900,900,900,2575,900,900,900,900,896
2026-02-10T12:26:14.461,4.1,0.0,4.83,1.05,0.00,11.64,27,5,0.0,38.0,11.8,3849,1172,895,900,899,900,896,901,900,901,900,2326,897,1016,901,900
2026-02-10T12:26:15.845,2.5,0.0,4.46,0.90,0.00,11.49,27,5,0.0,0.0,11.8,4251,1143,900,900,900,900,900,896,900,901,900,1243,900,900,900,3422
2026-02-10T12:26:17.197,3.2,0.0,4.80,1.36,0.00,11.50,27,9,0.0,5.9,11.9,3353,1131,894,900,898,900,1378,900,900,901,898,900,898,4229,900,891
2026-02-10T12:26:18.549,4.3,0.0,6.54,1.10,0.00,11.52,27,5,0.0,0.0,11.9,4068,3835,3818,1357,900,900,1526,900,900,901,1168,1323,900,900,1251,892
2026-02-10T12:26:19.853,3.4,0.1,4.69,1.01,0.00,11.41,27,5,0.0,158.4,11.9,3222,3449,1043,900,900,900,900,900,900,893,900,900,897,900,901,899
2026-02-10T12:26:21.217,3.6,0.0,4.37,1.01,0.00,11.54,27,10,0.0,0.0,11.9,4378,1099,900,900,901,897,2717,900,1523,900,900,900,900,900,900,900
2026-02-10T12:26:22.581,4.2,0.0,4.48,0.95,0.00,11.70,27,5,0.0,0.0,11.9,4205,1114,894,1213,1727,900,900,900,898,900,900,1301,1017,4110,904,900
2026-02-10T12:26:23.929,3.3,0.0,4.52,1.15,0.00,11.63,27,7,0.0,0.0,11.9,4275,1374,900,901,900,900,1512,900,901,3774,900,900,900,897,1263,900
2026-02-10T12:26:25.253,3.9,0.1,5.01,1.10,0.00,11.53,27,13,0.0,133.0,11.9,3659,1034,2555,3234,4596,1023,1899,1112,2528,1351,942,1578,914,1584,1517,907
2026-02-10T12:26:26.593,8.0,0.0,7.16,3.12,0.00,11.91,27,15,0.0,0.0,12.1,2402,3651,3459,3308,1055,1525,1370,900,1489,969,900,1353,1509,915,2208,954
2026-02-10T12:26:27.905,6.6,0.0,6.26,1.75,0.00,11.90,27,21,0.0,0.0,12.1,3463,957,900,901,1365,900,895,896,892,887,900,890,900,900,2395,900
2026-02-10T12:26:29.305,4.6,0.0,6.13,0.99,0.00,11.67,27,11,0.0,0.0,11.8,2525,1573,889,3932,900,900,884,900,900,900,1678,901,900,900,899,900
2026-02-10T12:26:30.653,2.9,0.1,4.57,1.02,0.00,11.84,27,5,0.0,20.0,11.8,2799,1089,900,901,900,1477,896,900,1107,900,900,2343,900,896,892,900
2026-02-10T12:26:32.029,2.6,0.0,4.32,0.89,0.00,11.65,27,7,0.0,0.0,11.8,3706,1255,900,901,1162,901,898,898,900,900,900,3652,900,899,893,900
2026-02-10T12:26:33.393,3.5,0.0,4.73,1.15,0.00,11.61,27,7,0.0,0.0,11.8,4072,3069,1671,900,900,900,898,900,900,900,900,900,900,898,873,900
2026-02-10T12:26:34.757,2.5,0.1,4.76,1.09,0.00,11.40,27,7,0.0,143.6,11.8,3551,1919,895,901,900,899,899,1284,900,2302,900,901,900,900,899,900
2026-02-10T12:26:36.129,2.4,0.0,4.32,0.91,0.00,11.33,27,12,0.0,0.0,11.8,4065,1613,900,3190,900,951,1780,949,900,900,899,900,897,897,900,900
2026-02-10T12:26:37.497,3.2,0.0,4.73,1.11,0.00,11.55,27,5,0.0,0.0,11.9,3157,1283,900,900,3995,896,922,900,900,900,900,1327,900,900,900,900
2026-02-10T12:26:38.841,2.5,0.0,4.51,1.03,0.00,11.39,27,7,0.0,0.0,11.9,4266,1334,901,900,4215,900,898,901,900,892,900,900,895,900,897,901
2026-02-10T12:26:40.209,2.7,0.1,5.00,1.17,0.00,11.27,27,9,0.0,120.8,11.9,3298,1154,900,900,901,1281,899,900,900,897,1030,2667,2351,2774,961,992
2026-02-10T12:26:41.589,7.4,0.0,6.65,2.69,0.00,11.87,27,20,0.0,0.0,12.1,2742,1632,2255,2046,902,932,895,1285,1273,991,816,1281,902,1190,1434,901
2026-02-10T12:26:42.945,7.7,0.0,5.53,1.50,0.00,11.66,27,14,0.0,0.0,12.1,3976,1261,2068,912,3324,900,900,900,1410,906,895,900,900,899,900,898
2026-02-10T12:26:44.277,4.8,0.0,4.93,1.19,0.00,11.65,27,8,0.0,0.0,11.9,1661,1181,895,900,900,1221,900,900,1307,898,896,986,900,900,898,2879
2026-02-10T12:26:45.605,3.0,0.1,4.92,1.15,0.00,11.35,27,7,0.0,33.6,11.9,3974,1337,900,1645,4216,900,900,897,1218,895,900,901,894,900,897,900
2026-02-10T12:26:46.933,2.5,0.0,4.69,1.32,0.00,11.48,27,5,0.0,0.0,11.9,4101,1332,898,900,900,895,897,901,896,4647,900,900,4762,900,897,4718
2026-02-10T12:26:48.261,4.1,0.0,6.22,2.56,0.00,11.37,27,9,0.0,5.8,11.9,3248,1027,895,1509,900,892,900,901,900,1139,900,900,3175,895,900,875
2026-02-10T12:26:49.625,2.9,0.1,4.90,1.00,0.00,11.36,27,7,0.0,157.0,11.9,3802,1042,892,900,884,900,900,1463,1556,900,868,900,900,4101,900,901
2026-02-10T12:26:50.989,2.7,0.0,4.65,1.09,0.00,11.33,27,7,0.0,2.8,11.9,1746,3451,1876,900,900,1536,3688,901,900,900,897,900,898,2395,1174,900
2026-02-10T12:26:52.333,3.6,0.0,4.87,1.25,0.00,11.45,27,7,0.0,0.0,11.9,4893,1222,889,4230,900,900,900,900,900,900,900,900,900,900,900,900
2026-02-10T12:26:53.701,2.7,0.0,4.51,1.11,0.00,11.43,27,5,0.0,0.0,11.9,2637,4638,2278,1038,1822,1600,897,900,1275,3692,901,900,900,1107,900,900
2026-02-10T12:26:54.989,2.3,0.1,4.70,1.05,0.00,11.34,27,5,0.0,126.0,11.9,3612,1118,1026,3420,900,1812,900,901,900,900,898,901,892,900,892,900
2026-02-10T12:26:56.360,6.2,0.0,6.60,2.73,0.00,11.67,27,21,0.0,0.0,12.1,3839,1729,897,938,900,914,898,856,900,1833,964,2190,1068,1644,901,2289
2026-02-10T12:26:57.737,7.5,0.0,5.93,1.87,0.00,11.74,27,25,0.0,0.0,12.1,4722,1892,2264,1091,2916,906,921,1040,1044,960,854,1284,1056,1018,900,892
2026-02-10T12:26:59.117,5.4,0.0,5.12,1.33,0.00,11.70,27,11,0.0,0.0,11.9,3944,3905,1271,900,900,900,1825,901,898,900,898,900,900,900,900,895
2026-02-10T12:27:00.465,3.2,0.1,5.26,1.27,0.00,11.33,27,5,0.0,163.4,11.9,1406,923,900,3171,895,900,900,901,900,901,900,900,900,900,900,900
2026-02-10T12:27:01.829,2.4,0.0,4.44,0.98,0.00,11.40,27,7,0.0,0.0,11.9,3176,4108,1567,902,897,900,900,1623,1213,901,900,901,900,900,900,901
2026-02-10T12:27:03.149,3.3,0.0,4.75,1.17,0.00,11.59,27,10,0.0,0.0,11.9,3563,1425,1265,1031,908,1330,2430,1540,1292,901,891,895,899,900,1139,901
2026-02-10T12:27:04.457,3.0,0.0,4.56,0.92,0.00,11.54,27,6,0.0,60.3,11.9,3893,1118,900,900,1435,900,896,900,900,901,900,900,900,900,3507,900
2026-02-10T12:27:05.813,2.5,0.0,4.50,1.08,0.00,11.54,27,7,0.0,0.0,11.9,4737,1555,900,4053,900,900,900,900,900,900,900,900,900,900,900,900
2026-02-10T12:27:07.189,3.2,0.0,4.81,1.26,0.00,11.52,27,7,0.0,0.0,11.9,3211,1227,1856,898,901,2603,900,900,896,901,898,901,900,900,897,900
2026-02-10T12:27:08.533,3.1,0.0,4.39,0.96,0.00,11.38,27,7,0.0,0.0,11.9,3296,1384,1413,900,898,896,900,1507,900,900,1104,4139,896,1096,900,901
