timestamp,cgroup,cpu_percent,memory_mb,io_read_kbs,io_write_kbs,num_procs,sys_io_read_kbs,sys_io_write_kbs
2026-02-20T12:49:58.088,yolo.slice,0.0,0.4,0.0,0.0,0,96832.2,0.0
2026-02-20T12:49:58.088,nodejs.slice,0.0,0.1,0.0,0.0,0,96832.2,0.0
2026-02-20T12:49:59.089,yolo.slice,0.0,0.4,0.0,0.0,0,283.5,0.0
2026-02-20T12:49:59.089,nodejs.slice,0.0,0.1,0.0,0.0,0,283.5,0.0
2026-02-20T12:50:00.091,yolo.slice,7.0,97.5,0.0,0.0,0,53343.6,127.8
2026-02-20T12:50:00.091,nodejs.slice,0.0,0.1,0.0,0.0,0,53343.6,127.8
2026-02-20T12:50:01.093,yolo.slice,168.2,603.9,0.0,0.0,0,332501.1,0.0
2026-02-20T12:50:01.093,nodejs.slice,0.0,0.1,0.0,0.0,0,332501.1,0.0
2026-02-20T12:50:02.094,yolo.slice,82.5,710.8,0.0,0.0,0,30008.4,0.0
2026-02-20T12:50:02.094,nodejs.slice,0.0,0.1,0.0,0.0,0,30008.4,0.0
2026-02-20T12:50:03.096,yolo.slice,77.5,819.8,0.0,0.0,0,79767.1,0.0
2026-02-20T12:50:03.096,nodejs.slice,0.0,0.1,0.0,0.0,0,79767.1,0.0
2026-02-20T12:50:04.098,yolo.slice,187.4,979.3,0.0,0.0,0,107726.6,8.0
2026-02-20T12:50:04.098,nodejs.slice,0.0,0.1,0.0,0.0,0,107726.6,8.0
2026-02-20T12:50:05.100,yolo.slice,2.1,979.2,0.0,0.0,0,83.8,91.8
2026-02-20T12:50:05.100,nodejs.slice,0.0,0.1,0.0,0.0,0,83.8,91.8
2026-02-20T12:50:06.101,yolo.slice,27.2,1081.1,0.0,0.0,0,40853.0,167.7
2026-02-20T12:50:06.101,nodejs.slice,0.0,0.1,0.0,0.0,0,40853.0,167.7
2026-02-20T12:50:07.103,yolo.slice,76.5,2205.9,0.0,0.0,0,587653.0,0.0
2026-02-20T12:50:07.103,nodejs.slice,0.0,0.1,0.0,0.0,0,587653.0,0.0
2026-02-20T12:50:08.104,yolo.slice,100.3,2205.9,0.0,0.0,0,0.0,0.0
2026-02-20T12:50:08.104,nodejs.slice,0.0,0.1,0.0,0.0,0,0.0,0.0
2026-02-20T12:50:09.106,yolo.slice,99.9,2205.7,0.0,0.0,0,0.0,8.0
2026-02-20T12:50:09.106,nodejs.slice,0.0,0.1,0.0,0.0,0,0.0,8.0
2026-02-20T12:50:10.107,yolo.slice,100.2,2206.0,0.0,0.0,0,0.0,8.0
2026-02-20T12:50:10.107,nodejs.slice,0.0,0.1,0.0,0.0,0,0.0,8.0
2026-02-20T12:50:11.117,yolo.slice,99.9,2205.8,0.0,0.0,0,4.0,130.8
2026-02-20T12:50:11.117,nodejs.slice,0.0,0.1,0.0,0.0,0,4.0,130.8
2026-02-20T12:50:12.119,yolo.slice,99.9,2205.6,0.0,0.0,0,0.0,0.0
2026-02-20T12:50:12.119,nodejs.slice,0.0,0.1,0.0,0.0,0,0.0,0.0
2026-02-20T12:50:13.120,yolo.slice,100.3,2205.6,0.0,0.0,0,0.0,0.0
2026-02-20T12:50:13.120,nodejs.slice,0.0,0.1,0.0,0.0,0,0.0,0.0
2026-02-20T12:50:14.122,yolo.slice,99.9,2205.6,0.0,0.0,0,0.0,0.0
2026-02-20T12:50:14.122,nodejs.slice,0.0,0.1,0.0,0.0,0,0.0,0.0
2026-02-20T12:50:15.123,yolo.slice,99.9,2205.5,0.0,0.0,0,0.0,8.0
2026-02-20T12:50:15.123,nodejs.slice,0.0,0.1,0.0,0.0,0,0.0,8.0
2026-02-20T12:50:16.133,yolo.slice,100.3,2205.5,0.0,0.0,0,0.0,23.8
2026-02-20T12:50:16.133,nodejs.slice,0.0,0.1,0.0,0.0,0,0.0,23.8
2026-02-20T12:50:17.134,yolo.slice,99.9,2205.7,0.0,0.0,0,0.0,0.0
2026-02-20T12:50:17.134,nodejs.slice,0.0,0.1,0.0,0.0,0,0.0,0.0
2026-02-20T12:50:18.136,yolo.slice,100.2,2205.8,0.0,0.0,0,387.4,0.0
2026-02-20T12:50:18.136,nodejs.slice,0.0,0.1,0.0,0.0,0,387.4,0.0
2026-02-20T12:50:19.137,yolo.slice,99.9,2205.8,0.0,0.0,0,0.0,0.0
2026-02-20T12:50:19.137,nodejs.slice,0.0,0.1,0.0,0.0,0,0.0,0.0
2026-02-20T12:50:20.139,yolo.slice,99.9,2205.7,0.0,0.0,0,0.0,8.0
2026-02-20T12:50:20.139,nodejs.slice,0.0,0.1,0.0,0.0,0,0.0,8.0
2026-02-20T12:50:21.148,yolo.slice,100.3,2205.7,0.0,0.0,0,0.0,59.4
2026-02-20T12:50:21.148,nodejs.slice,0.0,0.1,0.0,0.0,0,0.0,59.4
2026-02-20T12:50:22.150,yolo.slice,99.9,2205.7,0.0,0.0,0,0.0,0.0
2026-02-20T12:50:22.150,nodejs.slice,0.0,0.1,0.0,0.0,0,0.0,0.0
2026-02-20T12:50:23.151,yolo.slice,100.3,2205.6,0.0,0.0,0,0.0,183.7
2026-02-20T12:50:23.151,nodejs.slice,0.0,0.1,0.0,0.0,0,0.0,183.7
2026-02-20T12:50:24.153,yolo.slice,99.9,2205.6,0.0,0.0,0,0.0,0.0
2026-02-20T12:50:24.153,nodejs.slice,0.0,0.1,0.0,0.0,0,0.0,0.0
2026-02-20T12:50:25.154,yolo.slice,99.9,2205.6,0.0,0.0,0,0.0,8.0
2026-02-20T12:50:25.154,nodejs.slice,0.0,0.1,0.0,0.0,0,0.0,8.0
2026-02-20T12:50:26.164,yolo.slice,100.3,2205.6,0.0,0.0,0,0.0,39.6
2026-02-20T12:50:26.164,nodejs.slice,0.0,0.1,0.0,0.0,0,0.0,39.6
2026-02-20T12:50:27.165,yolo.slice,99.9,2205.6,0.0,0.0,0,0.0,0.0
2026-02-20T12:50:27.165,nodejs.slice,0.0,0.1,0.0,0.0,0,0.0,0.0
2026-02-20T12:50:28.167,yolo.slice,99.9,2205.6,0.0,0.0,0,0.0,0.0
2026-02-20T12:50:28.167,nodejs.slice,0.0,0.1,0.0,0.0,0,0.0,0.0
2026-02-20T12:50:29.169,yolo.slice,100.3,2205.6,0.0,0.0,0,0.0,4.0
2026-02-20T12:50:29.169,nodejs.slice,0.0,0.1,0.0,0.0,0,0.0,4.0
2026-02-20T12:50:30.170,yolo.slice,99.9,2205.6,0.0,0.0,0,0.0,63.9
2026-02-20T12:50:30.170,nodejs.slice,0.0,0.1,0.0,0.0,0,0.0,63.9
2026-02-20T12:50:31.179,yolo.slice,100.3,2205.6,0.0,0.0,0,0.0,67.4
2026-02-20T12:50:31.179,nodejs.slice,0.0,0.1,0.0,0.0,0,0.0,67.4
2026-02-20T12:50:32.181,yolo.slice,99.9,2205.6,0.0,0.0,0,0.0,0.0
2026-02-20T12:50:32.181,nodejs.slice,0.0,0.1,0.0,0.0,0,0.0,0.0
2026-02-20T12:50:33.183,yolo.slice,99.9,2205.6,0.0,0.0,0,0.0,0.0
2026-02-20T12:50:33.183,nodejs.slice,0.0,0.1,0.0,0.0,0,0.0,0.0
2026-02-20T12:50:34.184,yolo.slice,100.3,2205.6,0.0,0.0,0,0.0,4.0
2026-02-20T12:50:34.184,nodejs.slice,0.0,0.1,0.0,0.0,0,0.0,4.0
2026-02-20T12:50:35.186,yolo.slice,99.9,2205.6,0.0,0.0,0,0.0,4.0
2026-02-20T12:50:35.186,nodejs.slice,0.0,0.1,0.0,0.0,0,0.0,4.0
2026-02-20T12:50:36.195,yolo.slice,99.9,2205.6,0.0,0.0,0,59.4,31.7
2026-02-20T12:50:36.195,nodejs.slice,0.0,0.1,0.0,0.0,0,59.4,31.7
2026-02-20T12:50:37.197,yolo.slice,100.3,2205.6,0.0,0.0,0,0.0,0.0
2026-02-20T12:50:37.197,nodejs.slice,0.0,0.1,0.0,0.0,0,0.0,0.0
2026-02-20T12:50:38.198,yolo.slice,99.9,2205.6,0.0,0.0,0,0.0,0.0
2026-02-20T12:50:38.198,nodejs.slice,0.0,0.1,0.0,0.0,0,0.0,0.0
2026-02-20T12:50:39.200,yolo.slice,100.3,2205.6,0.0,0.0,0,0.0,0.0
2026-02-20T12:50:39.200,nodejs.slice,0.0,0.1,0.0,0.0,0,0.0,0.0
2026-02-20T12:50:40.201,yolo.slice,99.9,2205.6,0.0,0.0,0,0.0,0.0
2026-02-20T12:50:40.201,nodejs.slice,0.0,0.1,0.0,0.0,0,0.0,0.0
2026-02-20T12:50:41.211,yolo.slice,99.9,2205.6,0.0,0.0,0,0.0,59.4
2026-02-20T12:50:41.211,nodejs.slice,0.0,0.1,0.0,0.0,0,0.0,59.4
2026-02-20T12:50:42.212,yolo.slice,100.3,2205.6,0.0,0.0,0,0.0,0.0
2026-02-20T12:50:42.212,nodejs.slice,0.0,0.1,0.0,0.0,0,0.0,0.0
2026-02-20T12:50:43.214,yolo.slice,99.9,2205.6,0.0,0.0,0,0.0,171.7
2026-02-20T12:50:43.214,nodejs.slice,0.0,0.1,0.0,0.0,0,0.0,171.7
2026-02-20T12:50:44.215,yolo.slice,100.3,2205.6,0.0,0.0,0,0.0,0.0
2026-02-20T12:50:44.215,nodejs.slice,0.0,0.1,0.0,0.0,0,0.0,0.0
2026-02-20T12:50:45.217,yolo.slice,99.9,2205.6,0.0,0.0,0,0.0,0.0
2026-02-20T12:50:45.217,nodejs.slice,0.0,0.1,0.0,0.0,0,0.0,0.0
2026-02-20T12:50:46.221,yolo.slice,100.0,2205.6,0.0,0.0,0,0.0,27.9
2026-02-20T12:50:46.221,nodejs.slice,0.0,0.1,0.0,0.0,0,0.0,27.9
2026-02-20T12:50:47.222,yolo.slice,99.9,2205.6,0.0,0.0,0,0.0,8.0
2026-02-20T12:50:47.222,nodejs.slice,0.0,0.1,0.0,0.0,0,0.0,8.0
2026-02-20T12:50:48.224,yolo.slice,100.3,2205.6,0.0,0.0,0,0.0,111.8
2026-02-20T12:50:48.224,nodejs.slice,0.0,0.1,0.0,0.0,0,0.0,111.8
2026-02-20T12:50:49.225,yolo.slice,99.9,2205.6,0.0,0.0,0,0.0,0.0
2026-02-20T12:50:49.225,nodejs.slice,0.0,0.1,0.0,0.0,0,0.0,0.0
2026-02-20T12:50:50.227,yolo.slice,99.9,2205.6,0.0,0.0,0,0.0,0.0
2026-02-20T12:50:50.227,nodejs.slice,0.0,0.1,0.0,0.0,0,0.0,0.0
2026-02-20T12:50:51.236,yolo.slice,100.3,2205.6,0.0,0.0,0,0.0,43.6
2026-02-20T12:50:51.236,nodejs.slice,0.0,0.1,0.0,0.0,0,0.0,43.6
2026-02-20T12:50:52.238,yolo.slice,99.9,2205.6,0.0,0.0,0,0.0,8.0
2026-02-20T12:50:52.238,nodejs.slice,0.0,0.1,0.0,0.0,0,0.0,8.0
2026-02-20T12:50:53.239,yolo.slice,100.3,2205.6,0.0,0.0,0,0.0,0.0
2026-02-20T12:50:53.239,nodejs.slice,0.0,0.1,0.0,0.0,0,0.0,0.0
2026-02-20T12:50:54.241,yolo.slice,99.9,2205.6,0.0,0.0,0,0.0,0.0
2026-02-20T12:50:54.241,nodejs.slice,0.0,0.1,0.0,0.0,0,0.0,0.0
2026-02-20T12:50:55.243,yolo.slice,99.9,2205.6,0.0,0.0,0,0.0,8.0
2026-02-20T12:50:55.243,nodejs.slice,0.0,0.1,0.0,0.0,0,0.0,8.0
2026-02-20T12:50:56.252,yolo.slice,100.3,2205.6,0.0,0.0,0,0.0,35.7
2026-02-20T12:50:56.252,nodejs.slice,0.0,0.1,0.0,0.0,0,0.0,35.7
2026-02-20T12:50:57.254,yolo.slice,99.9,2205.6,0.0,0.0,0,0.0,12.0
2026-02-20T12:50:57.254,nodejs.slice,0.0,0.1,0.0,0.0,0,0.0,12.0
2026-02-20T12:50:58.255,yolo.slice,99.9,2205.6,0.0,0.0,0,0.0,0.0
2026-02-20T12:50:58.255,nodejs.slice,0.0,0.1,0.0,0.0,0,0.0,0.0
2026-02-20T12:50:59.256,yolo.slice,100.3,2205.6,0.0,0.0,0,0.0,0.0
2026-02-20T12:50:59.256,nodejs.slice,0.0,0.1,0.0,0.0,0,0.0,0.0
2026-02-20T12:51:00.257,yolo.slice,99.9,2205.6,0.0,0.0,0,0.0,71.9
2026-02-20T12:51:00.257,nodejs.slice,0.0,0.1,0.0,0.0,0,0.0,71.9
2026-02-20T12:51:01.267,yolo.slice,99.9,2205.6,0.0,0.0,0,0.0,55.5
2026-02-20T12:51:01.267,nodejs.slice,0.0,0.1,0.0,0.0,0,0.0,55.5
2026-02-20T12:51:02.267,yolo.slice,100.3,2205.6,0.0,0.0,0,0.0,0.0
2026-02-20T12:51:02.267,nodejs.slice,0.0,0.1,0.0,0.0,0,0.0,0.0
2026-02-20T12:51:03.269,yolo.slice,99.9,2205.6,0.0,0.0,0,4.0,12.0
2026-02-20T12:51:03.269,nodejs.slice,0.0,0.1,0.0,0.0,0,4.0,12.0
2026-02-20T12:51:04.270,yolo.slice,99.9,2205.6,0.0,0.0,0,0.0,0.0
2026-02-20T12:51:04.270,nodejs.slice,0.0,0.1,0.0,0.0,0,0.0,0.0
2026-02-20T12:51:05.272,yolo.slice,100.3,2205.6,0.0,0.0,0,0.0,0.0
2026-02-20T12:51:05.272,nodejs.slice,0.0,0.1,0.0,0.0,0,0.0,0.0
2026-02-20T12:51:06.281,yolo.slice,99.9,2205.6,0.0,0.0,0,0.0,23.8
2026-02-20T12:51:06.281,nodejs.slice,0.0,0.1,0.0,0.0,0,0.0,23.8
2026-02-20T12:51:07.283,yolo.slice,99.9,2205.6,0.0,0.0,0,0.0,0.0
2026-02-20T12:51:07.283,nodejs.slice,0.0,0.1,0.0,0.0,0,0.0,0.0
2026-02-20T12:51:08.285,yolo.slice,100.3,2205.6,0.0,0.0,0,4.0,16.0
2026-02-20T12:51:08.285,nodejs.slice,0.0,0.1,0.0,0.0,0,4.0,16.0
2026-02-20T12:51:09.286,yolo.slice,99.9,2205.6,0.0,0.0,0,0.0,0.0
2026-02-20T12:51:09.286,nodejs.slice,0.0,0.1,0.0,0.0,0,0.0,0.0
2026-02-20T12:51:10.287,yolo.slice,100.3,2205.6,0.0,0.0,0,0.0,4.0
2026-02-20T12:51:10.287,nodejs.slice,0.0,0.1,0.0,0.0,0,0.0,4.0
2026-02-20T12:51:11.297,yolo.slice,99.9,2205.6,0.0,0.0,0,0.0,59.4
2026-02-20T12:51:11.297,nodejs.slice,0.0,0.1,0.0,0.0,0,0.0,59.4
2026-02-20T12:51:12.298,yolo.slice,99.9,2205.6,0.0,0.0,0,0.0,0.0
2026-02-20T12:51:12.298,nodejs.slice,0.0,0.1,0.0,0.0,0,0.0,0.0
2026-02-20T12:51:13.300,yolo.slice,100.3,2205.6,0.0,0.0,0,0.0,8.0
2026-02-20T12:51:13.300,nodejs.slice,0.0,0.1,0.0,0.0,0,0.0,8.0
2026-02-20T12:51:14.302,yolo.slice,99.9,2205.6,0.0,0.0,0,0.0,0.0
2026-02-20T12:51:14.302,nodejs.slice,0.0,0.1,0.0,0.0,0,0.0,0.0
2026-02-20T12:51:15.303,yolo.slice,99.9,2205.6,0.0,0.0,0,0.0,0.0
2026-02-20T12:51:15.303,nodejs.slice,0.0,0.1,0.0,0.0,0,0.0,0.0
2026-02-20T12:51:16.312,yolo.slice,100.3,2205.6,0.0,0.0,0,0.0,15.9
2026-02-20T12:51:16.312,nodejs.slice,0.0,0.1,0.0,0.0,0,0.0,15.9
2026-02-20T12:51:17.314,yolo.slice,99.9,2205.6,0.0,0.0,0,0.0,0.0
2026-02-20T12:51:17.314,nodejs.slice,0.0,0.1,0.0,0.0,0,0.0,0.0
2026-02-20T12:51:18.315,yolo.slice,100.3,2205.6,0.0,0.0,0,0.0,8.0
2026-02-20T12:51:18.315,nodejs.slice,0.0,0.1,0.0,0.0,0,0.0,8.0
2026-02-20T12:51:19.317,yolo.slice,99.9,2205.6,0.0,0.0,0,0.0,0.0
2026-02-20T12:51:19.317,nodejs.slice,0.0,0.1,0.0,0.0,0,0.0,0.0
2026-02-20T12:51:20.318,yolo.slice,99.9,2205.6,0.0,0.0,0,0.0,0.0
2026-02-20T12:51:20.318,nodejs.slice,0.0,0.1,0.0,0.0,0,0.0,0.0
2026-02-20T12:51:21.328,yolo.slice,100.3,2205.6,0.0,0.0,0,0.0,19.8
2026-02-20T12:51:21.328,nodejs.slice,0.0,0.1,0.0,0.0,0,0.0,19.8
2026-02-20T12:51:22.329,yolo.slice,99.9,2205.6,0.0,0.0,0,0.0,0.0
2026-02-20T12:51:22.329,nodejs.slice,0.0,0.1,0.0,0.0,0,0.0,0.0
2026-02-20T12:51:23.331,yolo.slice,99.9,2205.6,0.0,0.0,0,0.0,0.0
2026-02-20T12:51:23.331,nodejs.slice,0.0,0.1,0.0,0.0,0,0.0,0.0
2026-02-20T12:51:24.333,yolo.slice,100.3,2205.6,0.0,0.0,0,0.0,8.0
2026-02-20T12:51:24.333,nodejs.slice,0.0,0.1,0.0,0.0,0,0.0,8.0
2026-02-20T12:51:25.334,yolo.slice,99.9,2205.6,0.0,0.0,0,0.0,0.0
2026-02-20T12:51:25.334,nodejs.slice,0.0,0.1,0.0,0.0,0,0.0,0.0
2026-02-20T12:51:26.343,yolo.slice,100.3,2205.6,0.0,0.0,0,0.0,43.6
2026-02-20T12:51:26.343,nodejs.slice,0.0,0.1,0.0,0.0,0,0.0,43.6
2026-02-20T12:51:27.345,yolo.slice,99.9,2205.6,0.0,0.0,0,0.0,0.0
2026-02-20T12:51:27.345,nodejs.slice,0.0,0.1,0.0,0.0,0,0.0,0.0
